date,name,unit_price,purpose,amount,sheet,property
2026-07-01 00:00:00,工资,5000,保洁+门卫2人工资,5000,7月耗材1,嘉定公寓
2026-07-01 00:00:00,工资,2000,水电工工资,2000,7月耗材1,嘉定公寓
2026-07-01 00:00:00,垃圾费,200,垃圾费,200,7月耗材1,嘉定公寓
2026-07-01 00:00:00,网费,2460,网费,2460,7月耗材1,嘉定公寓
2026-07-02 00:00:00,R202换水龙头,100,R202换水龙头,100,7月耗材1,嘉定公寓
2026-07-02 00:00:00,马桶盖10个,427.5,马桶盖10个,427.5,7月耗材1,嘉定公寓
2026-07-08 00:00:00,硅胶4只,40,用于水池损坏打胶,40,7月耗材1,嘉定公寓
2026-07-08 00:00:00,马桶按压器10个,80,损坏调换备用,80,7月耗材1,嘉定公寓
2026-07-22 00:00:00,热风枪,68,吹客户粘的挂钩,68,7月耗材1,嘉定公寓
2026-06-01 00:00:00,工资,5000,保洁+门卫2人工资,5000,6月耗材1,嘉定公寓
2026-06-01 00:00:00,工资,2000,水电工工资,2000,6月耗材1,嘉定公寓
2026-06-01 00:00:00,垃圾费,200,垃圾费,200,6月耗材1,嘉定公寓
2026-06-01 00:00:00,网费,1140,网费,1140,6月耗材1,嘉定公寓
2026-06-01 00:00:00,R305买冰箱,698,冰箱太小了留后面小房间用,698,6月耗材1,嘉定公寓
2026-06-01 00:00:00,圆珠笔,14.45,签合同用,14.45,6月耗材1,嘉定公寓
2026-06-01 00:00:00,马桶盖10个,427.5,马桶盖10个,427.5,6月耗材1,嘉定公寓
2026-06-01 00:00:00,假花打样,19.79,假花打样,19.79,6月耗材1,嘉定公寓
2026-06-01 00:00:00,假花打样,59.9,假花打样,59.9,6月耗材1,嘉定公寓
2026-06-06 00:00:00,热水器水龙头,480,调换S408备用3个,480,6月耗材1,嘉定公寓
2026-06-06 00:00:00,晾衣绳100米,245,修复S栋晾衣绳,245,6月耗材1,嘉定公寓
2026-06-22 00:00:00,防臭地漏贴,37.8,Q102防臭地漏贴,37.8,6月耗材1,嘉定公寓
2026-05-01 00:00:00,工资,5000,保洁+门卫2人工资,5000,5月耗材1,嘉定公寓
2026-05-01 00:00:00,工资,2000,水电工工资,2000,5月耗材1,嘉定公寓
2026-05-01 00:00:00,垃圾费,1200,垃圾费（垃圾太多增加费用）,1200,5月耗材1,嘉定公寓
2026-05-01 00:00:00,网费,2220,网费,2220,5月耗材1,嘉定公寓
2026-05-08 00:00:00,假绿植打样,18.42,假绿植打样,18.42,5月耗材1,嘉定公寓
2026-05-11 00:00:00,假绿植打样,45,假绿植打样,45,5月耗材1,嘉定公寓
2026-05-11 00:00:00,假百合花,16.79,假百合花,16.79,5月耗材1,嘉定公寓
2026-05-11 00:00:00,暴力熊摆件打样,28.8,暴力熊摆件打样,28.8,5月耗材1,嘉定公寓
2026-05-11 00:00:00,四件套打样,135.23,四件套打样,135.23,5月耗材1,嘉定公寓
2026-05-18 00:00:00,淋浴龙头2个,240,淋浴龙头调换S204备用1个,240,5月耗材1,嘉定公寓
2026-05-18 00:00:00,硅胶5只,50,损坏修补,50,5月耗材1,嘉定公寓
2026-05-19 00:00:00,水卫士2套,69.84,水卫士2套打扫房间,69.84,5月耗材1,嘉定公寓
2026-05-20 00:00:00,桌子R304补1个,173.2,桌子R304补1个,173.2,5月耗材1,嘉定公寓
2026-04-01 00:00:00,工资,5000,保洁+门卫2人工资,5000,4月耗材1,嘉定公寓
2026-04-01 00:00:00,工资,2000,水电工工资,2000,4月耗材1,嘉定公寓
2026-04-01 00:00:00,垃圾费,1200,垃圾费（垃圾太多增加费用）,1200,4月耗材1,嘉定公寓
2026-04-01 00:00:00,网费,1140,网费,1140,4月耗材1,嘉定公寓
2026-04-03 00:00:00,消防灭火器,1200,消防灭火器,1200,4月耗材1,嘉定公寓
2026-04-07 00:00:00,S415调换热水器水龙头,120,S415调换热水器水龙头,120,4月耗材1,嘉定公寓
2026-04-10 00:00:00,洗漱台R220添加,136,洗漱台R220添加,136,4月耗材1,嘉定公寓
2026-04-12 00:00:00,马桶盖10个,422,马桶盖10个备用,422,4月耗材1,嘉定公寓
2026-04-12 00:00:00,硅胶5支打胶备用,64.5,硅胶5支打胶备用,64.5,4月耗材1,嘉定公寓
2026-04-13 00:00:00,打样床罩,52,打样床罩,52,4月耗材1,嘉定公寓
2026-04-13 00:00:00,打样流苏,39.9,打样流苏,39.9,4月耗材1,嘉定公寓
2026-04-13 00:00:00,打样枕芯,39,打样枕芯,39,4月耗材1,嘉定公寓
2026-04-13 00:00:00,打样氛围灯,111,打样氛围灯,111,4月耗材1,嘉定公寓
2026-04-13 00:00:00,打样假花,10.7,打样假花,10.7,4月耗材1,嘉定公寓
2026-04-13 00:00:00,打样盘子,7.8,打样盘子,7.8,4月耗材1,嘉定公寓
2026-04-13 00:00:00,打样假草莓,6,打样假草莓,6,4月耗材1,嘉定公寓
2026-04-19 00:00:00,增压花洒2个,58.9,增压花洒2个调换,58.9,4月耗材1,嘉定公寓
2026-04-19 00:00:00,防臭地漏6,72,防臭地漏6调换,72,4月耗材1,嘉定公寓
2026-04-19 00:00:00,马桶按压器10个,80.6,马桶按压器10个调换,80.6,4月耗材1,嘉定公寓
2026-04-19 00:00:00,热水器水龙头,240,R305  S208调换,240,4月耗材1,嘉定公寓
2026-04-19 00:00:00,灯泡停车棚损坏,12,灯泡停车棚损坏,12,4月耗材1,嘉定公寓
2026-04-23 00:00:00,插座5个备用,60,插座Q101调换,60,4月耗材1,嘉定公寓
2026-04-25 00:00:00,增压泵隔音棉,150,增压泵隔音棉,150,4月耗材1,嘉定公寓
2026-04-25 00:00:00,防水胶带,30,防水胶带（隔音增压泵）,30,4月耗材1,嘉定公寓
2026-04-25 00:00:00,发泡胶,39,发泡胶（隔音增压泵）,39,4月耗材1,嘉定公寓
2026-04-28 00:00:00,小台灯打样,37,小台灯打样,37,4月耗材1,嘉定公寓
2026-04-28 00:00:00,假面包打样+荷包蛋,11,假面包打样+荷包蛋,11,4月耗材1,嘉定公寓
2026-03-01 00:00:00,工资,5000,保洁+门卫2人工资,5000,3月耗材1,嘉定公寓
2026-03-01 00:00:00,工资,2000,水电工工资,2000,3月耗材1,嘉定公寓
2026-03-01 00:00:00,垃圾费,1200,垃圾费（垃圾太多增加费用）,1200,3月耗材1,嘉定公寓
2026-03-01 00:00:00,网费,1140,网费,1140,3月耗材1,嘉定公寓
2026-03-05 00:00:00,竹子50棵,144.4,竹子50棵,144.4,3月耗材1,嘉定公寓
2026-03-05 00:00:00,营养土200斤,111,营养土200斤,111,3月耗材1,嘉定公寓
2026-03-06 00:00:00,合同4本,50.5,合同4本,50.5,3月耗材1,嘉定公寓
2026-03-14 00:00:00,门禁电池,40,门禁电池,40,3月耗材1,嘉定公寓
2026-03-14 00:00:00,下水道疏通器,75,下水道疏通器,75,3月耗材1,嘉定公寓
2026-03-30 00:00:00,S410买空调遥控器,20,S410买空调遥控器,20,3月耗材1,嘉定公寓
2026-02-01 00:00:00,工资,5000,保洁+门卫2人工资,5000,2月耗材1,嘉定公寓
2026-02-01 00:00:00,工资,2000,水电工工资,2000,2月耗材1,嘉定公寓
2026-02-01 00:00:00,垃圾费,1000,垃圾费,1000,2月耗材1,嘉定公寓
2026-02-01 00:00:00,网费,1140,网费,1140,2月耗材1,嘉定公寓
2026-02-01 00:00:00,维修门禁电脑,90,维修门禁电脑,90,2月耗材1,嘉定公寓
2026-02-05 00:00:00,送礼警察,2000,送礼警察,2000,2月耗材1,嘉定公寓
2026-02-08 00:00:00,装修费Q栋余款结清,52000,装修费Q栋余款结清,52000,2月耗材1,嘉定公寓
2026-02-17 00:00:00,马桶盖5个,235,马桶盖5个,235,2月耗材1,嘉定公寓
2026-02-25 00:00:00,桌子R313,186,放置R313,186,2月耗材1,嘉定公寓
2026-02-25 00:00:00,护墙板补色漆,39.9,护墙板补色漆（修补护墙板）,39.9,2月耗材1,嘉定公寓
2026-02-26 00:00:00,水卫士清洁剂,29.9,水卫士清洁剂,29.9,2月耗材1,嘉定公寓
2025-01-01 00:00:00,工资,5000,保洁+门卫2人工资,5000,1月耗材1,嘉定公寓
2025-01-01 00:00:00,工资,2000,水电工工资,2000,1月耗材1,嘉定公寓
2025-01-01 00:00:00,垃圾费,1000,垃圾费,1000,1月耗材1,嘉定公寓
2026-01-04 00:00:00,马桶盖5个备用,215,马桶盖5个备用,215,1月耗材1,嘉定公寓
2026-01-05 00:00:00,S414增压花洒,56,S414增压花洒,56,1月耗材1,嘉定公寓
2026-01-06 00:00:00,84消毒液1桶,25,84消毒液1桶,25,1月耗材1,嘉定公寓
2026-01-12 00:00:00,马桶清洁剂,16,马桶清洁剂,16,1月耗材1,嘉定公寓
2026-01-13 00:00:00,防真绿植,66.4,防真绿植,66.4,1月耗材1,嘉定公寓
2026-01-13 00:00:00,网费,1140,网费,1140,1月耗材1,嘉定公寓
2026-01-17 00:00:00,防真花（打样）,12.48,防真花（打样）,12.48,1月耗材1,嘉定公寓
2026-01-17 00:00:00,防真花（打样）,24.7,防真花（打样）,24.7,1月耗材1,嘉定公寓
2026-01-17 00:00:00,床上四件套（打样）,117.6,床上四件套（打样）,117.6,1月耗材1,嘉定公寓
2026-01-17 00:00:00,防真花（打样）,32.9,防真花（打样）,32.9,1月耗材1,嘉定公寓
2026-01-17 00:00:00,房间摆件（打样）,16.95,房间摆件（打样）,16.95,1月耗材1,嘉定公寓
2026-01-17 00:00:00,防真绿植（打样）,54.64,防真绿植（打样）,54.64,1月耗材1,嘉定公寓
2026-01-20 00:00:00,鸿翼付款房租费,62500,鸿翼付款房租费（25年10.11.12结清）,62500,1月耗材1,嘉定公寓
2026-01-28 00:00:00,漏电开关2套,192,S101调换漏电开关,192,1月耗材1,嘉定公寓
2025-12-01 00:00:00,工资,5000,保洁+门卫2人工资,5000,12月耗材1,嘉定公寓
2025-12-01 00:00:00,工资,2000,水电工工资,2000,12月耗材1,嘉定公寓
2025-12-01 00:00:00,垃圾费,1000,垃圾费,1000,12月耗材1,嘉定公寓
2025-12-11 00:00:00,马桶盖2个,110,马桶盖2个,110,12月耗材1,嘉定公寓
2025-12-11 00:00:00,花洒龙头配件,20,花洒龙头配件,20,12月耗材1,嘉定公寓
2025-12-13 00:00:00,马桶盖2个备用,94,马桶盖2个备用,94,12月耗材1,嘉定公寓
2025-12-13 00:00:00,网费,1140,网费,1140,12月耗材1,嘉定公寓
2025-12-26 00:00:00,打样毛毯枕套,29,打样毛毯枕套,29,12月耗材1,嘉定公寓
2025-12-29 00:00:00,三季度鸿翼付款房租费,100000,三季度鸿翼付款房租费,100000,12月耗材1,嘉定公寓
2025-11-01 00:00:00,工资,5000,保洁+门卫2人工资,5000,11月耗材1,嘉定公寓
2025-11-01 00:00:00,工资,2000,水电工工资,2000,11月耗材1,嘉定公寓
2025-11-01 00:00:00,垃圾费,1000,垃圾费,1000,11月耗材1,嘉定公寓
2025-11-02 00:00:00,防水材料,75,防水材料,75,11月耗材1,嘉定公寓
2025-11-06 00:00:00,凳子20张备用,100,凳子20张备用,100,11月耗材1,嘉定公寓
2025-11-06 00:00:00,五眼插座20个（备用）,150,五眼插座20个（备用）,150,11月耗材1,嘉定公寓
2025-11-06 00:00:00,隔音棉S203太吵,24,隔音棉S203太吵隔音,24,11月耗材1,嘉定公寓
2025-11-10 00:00:00,电梯保养费,2100,电梯保养费（25.10.26-26.4.26）6个月,2100,11月耗材1,嘉定公寓
2025-11-12 00:00:00,印象城公寓订金,50000,印象城公寓订金,50000,11月耗材1,嘉定公寓
2025-11-15 00:00:00,洗脸池台盆,102,S105损坏安装,102,11月耗材1,嘉定公寓
2025-11-20 00:00:00,焊洗脸水池架子,30,焊洗脸水池架子,30,11月耗材1,嘉定公寓
2025-11-20 00:00:00,三季度鸿翼付款房租费,15000,三季度鸿翼付款房租费,15000,11月耗材1,嘉定公寓
2025-11-21 00:00:00,网费,1135,网费,1135,11月耗材1,嘉定公寓
2025-11-21 00:00:00,硅胶5只,75,硅胶5只,75,11月耗材1,嘉定公寓
2025-11-23 00:00:00,清洁水卫士,49.8,清洁水卫士,49.8,11月耗材1,嘉定公寓
2025-11-24 00:00:00,R213冰箱卖给我,200,原来没冰箱客户自己冰箱卖给我,200,11月耗材1,嘉定公寓
2025-11-26 00:00:00,灯芯,25,217调换,25,11月耗材1,嘉定公寓
2025-11-26 00:00:00,无线网收纳盒,25,无线网收纳盒217+213安装,25,11月耗材1,嘉定公寓
2025-10-01 00:00:00,工资,5000,保洁+门卫2人工资,5000,10月耗材,嘉定公寓
2025-10-01 00:00:00,工资,2000,水电工工资,2000,10月耗材,嘉定公寓
2025-10-02 00:00:00,三季度鸿翼付款房租费,5000,三季度鸿翼付款房租费,5000,10月耗材,嘉定公寓
2025-10-03 00:00:00,（前垃圾不给拉了）垃圾费,1000,（前垃圾不给拉了）垃圾费,1000,10月耗材,嘉定公寓
2025-10-07 00:00:00,网费,1240,网费,1240,10月耗材,嘉定公寓
2025-10-09 00:00:00,R206没桌子买桌子,151,R206没桌子买桌子,151,10月耗材,嘉定公寓
2025-10-10 00:00:00,三季度鸿翼付款房租费,70000,三季度鸿翼付款房租费,70000,10月耗材,嘉定公寓
2025-10-10 00:00:00,打样四件套,138.9,打样四件套,138.9,10月耗材,嘉定公寓
2025-10-21 00:00:00,S406热水器水龙头调换,90,S406热水器水龙头调换,90,10月耗材,嘉定公寓
2025-10-21 00:00:00,氛围灯打样,125,氛围灯打样,125,10月耗材,嘉定公寓
2025-10-30 00:00:00,三季度鸿翼付款房租费,60000,三季度鸿翼付款房租费,60000,10月耗材,嘉定公寓
2025-10-31 00:00:00,R212洗衣机是客户自己的,691,TCL洗衣机安装R212房间,691,10月耗材,嘉定公寓
2025-09-01 00:00:00,工资,5000,保洁+门卫2人工资,5000,9月耗材,嘉定公寓
2025-09-01 00:00:00,工资,2000,水电工工资,2000,9月耗材,嘉定公寓
2025-09-01 00:00:00,香氛放置退房房间,73,香氛放置退房房间,73,9月耗材,嘉定公寓
2025-09-01 00:00:00,鸿翼第二季度余款,24941,鸿翼第二季度余款,24941,9月耗材,嘉定公寓
2025-09-02 00:00:00,水卫士清洁剂厨房,29.9,水卫士清洁出房,29.9,9月耗材,嘉定公寓
2025-09-02 00:00:00,浴室清洁卫剂,26.9,浴室清洁卫剂,26.9,9月耗材,嘉定公寓
2025-09-07 00:00:00,水电工费付清,6000,水电工费付清,6000,9月耗材,嘉定公寓
2025-09-07 00:00:00,替鸿翼支付消防款付清,38000,替鸿翼支付消防款付清,38000,9月耗材,嘉定公寓
2025-09-08 00:00:00,网费,1090,网费,1090,9月耗材,嘉定公寓
2025-09-17 00:00:00,枕头1套,53,枕头1套,53,9月耗材,嘉定公寓
2025-09-17 00:00:00,三季度鸿翼付款房租费,5700,三季度鸿翼付款房租费,5700,9月耗材,嘉定公寓
2025-09-22 00:00:00,三季度鸿翼付款房租费,30000,三季度鸿翼付款房租费,30000,9月耗材,嘉定公寓
2025-09-25 00:00:00,电梯年检费,200,电梯年检费,200,9月耗材,嘉定公寓
2025-09-25 00:00:00,垃圾费,800,垃圾费,800,9月耗材,嘉定公寓
2025-09-26 00:00:00,送中华香烟居委,450,送中华香烟居委,450,9月耗材,嘉定公寓
2025-09-27 00:00:00,油漆涂料费结清,8000,油漆涂料费结清,8000,9月耗材,嘉定公寓
2025-09-29 00:00:00,三季度鸿翼付款房租费,50000,三季度鸿翼付款房租费,50000,9月耗材,嘉定公寓
2025-08-01 00:00:00,工资,5000,保洁+门卫2人工资,5000,8月耗材,嘉定公寓
2025-08-01 00:00:00,工资,2000,水电工工资,2000,8月耗材,嘉定公寓
2025-08-01 00:00:00,水电工,6000,水电工,6000,8月耗材,嘉定公寓
2025-08-03 00:00:00,水卫士出房剂,29.9,水卫士出房剂,29.9,8月耗材,嘉定公寓
2025-08-03 00:00:00,水卫士浴室剂,59.8,水卫士浴室剂,59.8,8月耗材,嘉定公寓
2025-08-03 00:00:00,Q栋晾晒架+绳子,130,Q栋晾晒架+绳子,130,8月耗材,嘉定公寓
2025-08-07 00:00:00,电脑桌,688,电脑桌,688,8月耗材,嘉定公寓
2025-08-08 00:00:00,马桶尿酸溶解剂,15.5,马桶尿酸溶解剂,15.5,8月耗材,嘉定公寓
2025-08-08 00:00:00,管道疏通剂,59.7,管道疏通剂,59.7,8月耗材,嘉定公寓
2025-08-10 00:00:00,停车棚费用付清,5000,停车棚费用付清,5000,8月耗材,嘉定公寓
2025-08-10 00:00:00,水电工费用,5000,水电工费用,5000,8月耗材,嘉定公寓
2025-08-11 00:00:00,网费,2391.3,网费,239.13,8月耗材,嘉定公寓
2025-08-12 00:00:00,竹子,118,竹子,118,8月耗材,嘉定公寓
2025-08-12 00:00:00,绿化土,286,绿化土,286,8月耗材,嘉定公寓
2025-08-17 00:00:00,吊顶费付清,8200,吊顶费付清,8200,8月耗材,嘉定公寓
2025-08-20 00:00:00,消防费用,20000,消防费用,20000,8月耗材,嘉定公寓
2025-08-20 00:00:00,84消毒水,19.9,84消毒水,19.9,8月耗材,嘉定公寓
2025-08-25 00:00:00,卫生费,800,卫生费,800,8月耗材,嘉定公寓
2025-08-25 00:00:00,空调费结清 ,15170,空调费结清 ,15170,8月耗材,嘉定公寓
2025-08-26 00:00:00,门锁费结清,10900,门锁费结清,10900,8月耗材,嘉定公寓
2025-08-27 00:00:00,瓦工费,20000,瓦工费,20000,8月耗材,嘉定公寓
2025-08-28 00:00:00,防臭地漏4个,66,防臭地漏4个,66,8月耗材,嘉定公寓
2025-08-28 00:00:00,防臭洗水池4个,50,防臭洗水池4个,50,8月耗材,嘉定公寓
2025-08-28 00:00:00,洗脸池防臭漏2个,22.9,洗脸池防臭漏2个,22.9,8月耗材,嘉定公寓
2025-07-01 00:00:00,工资,5000,保洁+门卫2人工资,5000,7月耗材,嘉定公寓
2025-07-01 00:00:00,工资,2000,水电工工资,2000,7月耗材,嘉定公寓
2025-07-01 00:00:00,香薰12瓶,105.17,香薰12瓶,105.17,7月耗材,嘉定公寓
2025-07-01 00:00:00,浴室防水帘,60,浴室防水帘,60,7月耗材,嘉定公寓
2025-07-01 00:00:00,做院子钢管,3870,做院子钢管,3870,7月耗材,嘉定公寓
2025-07-01 00:00:00,五金店三角阀,50,五金店三角阀,50,7月耗材,嘉定公寓
2025-07-01 00:00:00,帮鸿翼垫资,41700,帮鸿翼垫资,41700,7月耗材,嘉定公寓
2025-07-02 00:00:00,院子材料,2182,院子材料,2182,7月耗材,嘉定公寓
2025-07-02 00:00:00,钛金板580*18,10440,钛金板580*18,10440,7月耗材,嘉定公寓
2025-07-03 00:00:00,洗衣机11台,10028,洗衣机11台,10028,7月耗材,嘉定公寓
2025-07-03 00:00:00,切割片,10,切割片,10,7月耗材,嘉定公寓
2025-07-03 00:00:00,底胶板,15,底胶板,15,7月耗材,嘉定公寓
2025-07-03 00:00:00,水泵弯头,45,水泵弯头,45,7月耗材,嘉定公寓
2025-07-04 00:00:00,卫生间洗漱池11套,3202,卫生间洗漱池11套,3202,7月耗材,嘉定公寓
2025-07-04 00:00:00,管道疏通剂,29.9,管道疏通剂,29.9,7月耗材,嘉定公寓
2025-07-05 00:00:00,浴室防水帘10套,808.8,浴室防水帘10套,808.8,7月耗材,嘉定公寓
2025-07-05 00:00:00,打胶+螺丝,1200,打胶+螺丝,1200,7月耗材,嘉定公寓
2025-07-05 00:00:00,钛金板运费+叉车费,920,钛金板运费+叉车费,920,7月耗材,嘉定公寓
2025-07-07 00:00:00,电焊工7.5天,3750,电焊工7.5天,3750,7月耗材,嘉定公寓
2025-07-07 00:00:00,贴钛金板费,10800,贴钛金板费,10800,7月耗材,嘉定公寓
2025-07-07 00:00:00,涂料费22间内墙,10000,涂料费22间内墙,10000,7月耗材,嘉定公寓
2025-07-08 00:00:00,网费,1140,网费,1140,7月耗材,嘉定公寓
2025-07-08 00:00:00,瓦工,40000,瓦工,40000,7月耗材,嘉定公寓
2025-07-08 00:00:00,清运垃圾6车,6600,清运垃圾6车,6600,7月耗材,嘉定公寓
2025-07-08 00:00:00,冰箱11台,8507,冰箱11台,8507,7月耗材,嘉定公寓
2025-07-12 00:00:00,家具材料费,4570,家具材料费,4570,7月耗材,嘉定公寓
2025-07-13 00:00:00,门费用,19000,门费用,19000,7月耗材,嘉定公寓
2025-07-13 00:00:00,合同4本,38,合同4本,38,7月耗材,嘉定公寓
2025-07-15 00:00:00,窗帘代鸿翼付,6680,窗帘代鸿翼付,6680,7月耗材,嘉定公寓
2025-07-15 00:00:00,窗帘12间 ,4136,窗帘12间 ,4136,7月耗材,嘉定公寓
2025-07-15 00:00:00,小床4张,200,小床4张,200,7月耗材,嘉定公寓
2025-07-22 00:00:00,拖把+浴室刷大,78,拖把+浴室刷大,78,7月耗材,嘉定公寓
2025-07-23 00:00:00,吊顶费,8800,吊顶费,8800,7月耗材,嘉定公寓
2025-07-27 00:00:00,水电工费,2000,水电工费,2000,7月耗材,嘉定公寓
2025-07-27 00:00:00,花箱,550,花箱,550,7月耗材,嘉定公寓
2025-07-28 00:00:00,垃圾费,800,垃圾费,800,7月耗材,嘉定公寓
2025-07-29 00:00:00,瓦工,40000,瓦工,40000,7月耗材,嘉定公寓
2025-07-29 00:00:00,空调,10000,空调,10000,7月耗材,嘉定公寓
2025-07-31 00:00:00,帮鸿翼垫付,50000,帮鸿翼垫付,50000,7月耗材,嘉定公寓
2025-06-01 00:00:00,工资,5000,保洁+门卫2人工资,5000,6月耗材,嘉定公寓
2025-06-01 00:00:00,工资,2000,水电工工资,2000,6月耗材,嘉定公寓
2025-06-01 00:00:00,R118给客户买除甲醛,28,R118给客户买除甲醛,28,6月耗材,嘉定公寓
2025-06-02 00:00:00,吊顶,6000,吊顶,6000,6月耗材,嘉定公寓
2025-06-02 00:00:00,增压泵隔音板,290,增压泵隔音板,290,6月耗材,嘉定公寓
2025-06-02 00:00:00,出房摆件套装232,232,出房摆件套装232,232,6月耗材,嘉定公寓
2025-06-02 00:00:00,床头灯打样,27.8,床头灯打样,27.8,6月耗材,嘉定公寓
2025-06-02 00:00:00,干花打样,25.4,干花打样,25.4,6月耗材,嘉定公寓
2025-06-02 00:00:00,干花打样,8.4,干花打样,8.4,6月耗材,嘉定公寓
2025-06-04 00:00:00,除甲醛,149.5,除甲醛,149.5,6月耗材,嘉定公寓
2025-06-06 00:00:00,R403退房加冰箱,328,R403退房以前没有加冰箱,328,6月耗材,嘉定公寓
2025-06-07 00:00:00,发泡胶+钉子,175,发泡胶+钉子,175,6月耗材,嘉定公寓
2025-06-07 00:00:00,彩钢瓦,698,彩钢瓦,698,6月耗材,嘉定公寓
2025-06-07 00:00:00,家具材料,11000,家具材料,11000,6月耗材,嘉定公寓
2025-06-07 00:00:00,门+门锁,10100,门+门锁,10100,6月耗材,嘉定公寓
2025-06-08 00:00:00,格栅,1270,格栅,1270,6月耗材,嘉定公寓
2025-06-08 00:00:00,油烟机,560,油烟机,560,6月耗材,嘉定公寓
2025-06-08 00:00:00,家具材料,2390,家具材料,2390,6月耗材,嘉定公寓
2025-06-09 00:00:00,网费,2158.66,网费,2158.66,6月耗材,嘉定公寓
2025-06-13 00:00:00,木工手工费,15000,木工手工费,15000,6月耗材,嘉定公寓
2025-06-15 00:00:00,台灶水池,1500,台灶水池,1500,6月耗材,嘉定公寓
2025-06-16 00:00:00,热水器11台,4268,热水器11台,4268,6月耗材,嘉定公寓
2025-06-16 00:00:00,油烟机10台,2889.9,油烟机10台,2889.9,6月耗材,嘉定公寓
2025-06-16 00:00:00,替鸿翼监控费,5000,替鸿翼监控费,5000,6月耗材,嘉定公寓
2025-06-17 00:00:00,钛金板,10520,钛金板,10520,6月耗材,嘉定公寓
2025-06-19 00:00:00,工字线,980,工字线,980,6月耗材,嘉定公寓
2025-06-19 00:00:00,发泡胶,540,发泡胶,540,6月耗材,嘉定公寓
2025-06-19 00:00:00,结构胶,1600,结构胶,1600,6月耗材,嘉定公寓
2025-06-19 00:00:00,钛金板运费,962,钛金板运费,962,6月耗材,嘉定公寓
2025-06-19 00:00:00,热水器 马桶软管,360,热水器 马桶软管,360,6月耗材,嘉定公寓
2025-06-20 00:00:00,卫生间洗漱台,272,卫生间洗漱台,272,6月耗材,嘉定公寓
2025-06-22 00:00:00,水池物流费,110,水池物流费,110,6月耗材,嘉定公寓
2025-06-22 00:00:00,三角阀 枪钉 胶带,1192,三角阀 枪钉 胶带,1191,6月耗材,嘉定公寓
2025-06-23 00:00:00,门牌号,121.22,门牌号,121.22,6月耗材,嘉定公寓
2025-06-23 00:00:00,卫生间洗漱台9套,2430,卫生间洗漱台9套,2430,6月耗材,嘉定公寓
2025-06-24 00:00:00,花洒11,1960,花洒11,1960,6月耗材,嘉定公寓
2025-06-25 00:00:00,油烟机抱箍,30,油烟机抱箍,30,6月耗材,嘉定公寓
2025-06-25 00:00:00,垃圾费,800,垃圾费,800,6月耗材,嘉定公寓
2025-06-26 00:00:00,工字线+线条,925,工字线+线条,925,6月耗材,嘉定公寓
2025-06-26 00:00:00,胶水,586,胶水,586,6月耗材,嘉定公寓
2025-06-26 00:00:00,水电工费,10000,水电工费,10000,6月耗材,嘉定公寓
2025-06-27 00:00:00,桌子10,2100.6,桌子10,2100.6,6月耗材,嘉定公寓
2025-06-28 00:00:00,家具材料,20000,家具材料,20000,6月耗材,嘉定公寓
2025-06-29 00:00:00,除污剂,29.9,除污剂,29.9,6月耗材,嘉定公寓
2025-06-29 00:00:00,门卫室安装费,5000,门卫室安装费,5000,6月耗材,嘉定公寓
2025-06-29 00:00:00,床+床垫+床头柜,13308,床+床垫+床头柜,13308,6月耗材,嘉定公寓
2025-06-29 00:00:00,大理石,5000,大理石,5000,6月耗材,嘉定公寓
2025-05-01 00:00:00,工资,5000,保洁+门卫2人工资,5000,5月耗材,嘉定公寓
2025-05-01 00:00:00,工资,2000,水电工工资,2000,5月耗材,嘉定公寓
2025-05-02 00:00:00,发泡剂 枪钉,220,发泡剂 枪钉,220,5月耗材,嘉定公寓
2025-05-02 00:00:00,工字线,840,工字线,840,5月耗材,嘉定公寓
2025-05-02 00:00:00,结构胶,460,结构胶,460,5月耗材,嘉定公寓
2025-05-02 00:00:00,水池快递费,72,水池快递费,72,5月耗材,嘉定公寓
2025-05-06 00:00:00,卫生间一体洗手池台,2633.4,卫生间一体洗手池台（10台）,2633.4,5月耗材,嘉定公寓
2025-05-06 00:00:00,门牌号,120,门牌号10个,120,5月耗材,嘉定公寓
2025-05-06 00:00:00,岩石板桌子,295.02,2张,295.02,5月耗材,嘉定公寓
2025-05-06 00:00:00,岩石板桌子,1481.04,8张,1481.04,5月耗材,嘉定公寓
2025-05-07 00:00:00,床 床垫 床头柜,9200,床 床垫 各10床头柜12,9200,5月耗材,嘉定公寓
2025-05-07 00:00:00,家具费,5000,家具费,5000,5月耗材,嘉定公寓
2025-05-07 00:00:00,门套,260,门套,260,5月耗材,嘉定公寓
2025-05-07 00:00:00,抱箍,50,抱箍,50,5月耗材,嘉定公寓
2025-05-07 00:00:00,油烟机钉子,50,油烟机钉子,50,5月耗材,嘉定公寓
2025-05-07 00:00:00,开孔器,60,开孔器,60,5月耗材,嘉定公寓
2025-05-07 00:00:00,踢脚线,900,踢脚线,900,5月耗材,嘉定公寓
2025-05-07 00:00:00,混水阀 花洒,1750,混水阀 花洒,1750,5月耗材,嘉定公寓
2025-05-07 00:00:00,线条,354,线条,354,5月耗材,嘉定公寓
2025-05-07 00:00:00,网费,1140,网费,1140,5月耗材,嘉定公寓
2025-05-08 00:00:00,钛金板安装费510平,11220,钛金板安装费510平,11220,5月耗材,嘉定公寓
2025-05-08 00:00:00,瓦工费,40000,瓦工费,40000,5月耗材,嘉定公寓
2025-05-09 00:00:00,毛巾架17个,557.6,毛巾架17个,557.6,5月耗材,嘉定公寓
2025-05-09 00:00:00,卫生间置物架,203.15,卫生间置物架18个,203.15,5月耗材,嘉定公寓
2025-05-09 00:00:00,路由器收纳盒,146.3,路由器收纳盒18个,146.3,5月耗材,嘉定公寓
2025-05-10 00:00:00,卫生间一体洗手池台,200,卫生间一体洗手池台,200,5月耗材,嘉定公寓
2025-05-10 00:00:00,吊顶,6000,吊顶,6000,5月耗材,嘉定公寓
2025-05-11 00:00:00,冰箱,6012,9台,6012,5月耗材,嘉定公寓
2025-05-11 00:00:00,TCL洗衣机,8190,TCL洗衣机9台,8190,5月耗材,嘉定公寓
2025-05-11 00:00:00,钢丝球清洁1包,28.99,钢丝球清洁1包,28.99,5月耗材,嘉定公寓
2025-05-11 00:00:00,卫生间去除马桶污渍,9.55,卫生间去除马桶污渍,9.55,5月耗材,嘉定公寓
2025-05-11 00:00:00,鸿翼垫资监控,10000,鸿翼垫资监控,10000,5月耗材,嘉定公寓
2025-05-12 00:00:00,家具费,28000,家具费付齐,28000,5月耗材,嘉定公寓
2025-05-12 00:00:00,水电工,14000,水电工10间付齐,14000,5月耗材,嘉定公寓
2025-05-13 00:00:00,除甲醛喷雾,49.9,除甲醛喷雾,49.9,5月耗材,嘉定公寓
2025-05-13 00:00:00,橡皮泥,20.9,橡皮泥,20.9,5月耗材,嘉定公寓
2025-05-13 00:00:00,洗衣机接管 美缝胶,636,洗衣机接管 美缝胶,636,5月耗材,嘉定公寓
2025-05-14 00:00:00,水电工,10000,水电工O栋,10000,5月耗材,嘉定公寓
2025-05-21 00:00:00,床上7件套打样,305,床上7件套打样,305,5月耗材,嘉定公寓
2025-05-21 00:00:00,床上5件套打样,218,床上5件套打样,218,5月耗材,嘉定公寓
2025-05-21 00:00:00,笔记本仿真打样,77,笔记本仿真打样,77,5月耗材,嘉定公寓
2025-05-21 00:00:00,干花打样,18.8,干花打样,18.8,5月耗材,嘉定公寓
2025-05-21 00:00:00,水果托盘打样,11.16,水果托盘打样,11.16,5月耗材,嘉定公寓
2025-05-21 00:00:00,仿真水果套餐打样,33.9,仿真水果套餐打样,33.9,5月耗材,嘉定公寓
2025-05-21 00:00:00,空气清新剂喷雾,26.8,空气清新剂喷雾,26.8,5月耗材,嘉定公寓
2025-05-21 00:00:00,窗帘,3526,窗帘,3526,5月耗材,嘉定公寓
2025-05-21 00:00:00,咖啡杯,30.8,咖啡杯,30.8,5月耗材,嘉定公寓
2025-05-21 00:00:00,窗户,3710,窗户,3710,5月耗材,嘉定公寓
2025-05-21 00:00:00,太阳能路灯,421.8,太阳能路灯2个,421.8,5月耗材,嘉定公寓
2025-05-21 00:00:00,太阳能路灯,117.41,太阳能路灯2个,117.41,5月耗材,嘉定公寓
2025-05-22 00:00:00,打样四件套,396.9,打样四件套,396.9,5月耗材,嘉定公寓
2025-05-23 00:00:00,床头摆件,24.98,打样,24.98,5月耗材,嘉定公寓
2025-05-23 00:00:00,床头摆件仿真花,19.72,打样,19.72,5月耗材,嘉定公寓
2025-05-23 00:00:00,床头摆件仿真花,8.4,打样,8.4,5月耗材,嘉定公寓
2025-05-23 00:00:00,水电工费用,20000,水电工费用,20000,5月耗材,嘉定公寓
2025-05-23 00:00:00,床头摆件,9.9,打样,9.9,5月耗材,嘉定公寓
2025-05-23 00:00:00,香氛,73.8,8瓶除异味,73.8,5月耗材,嘉定公寓
2025-05-23 00:00:00,地毯,29.92,打样,29.92,5月耗材,嘉定公寓
2025-05-24 00:00:00,卧室摆画,8.8,打样,8.8,5月耗材,嘉定公寓
2025-05-24 00:00:00,冰箱台布,27.02,打样,27.02,5月耗材,嘉定公寓
2025-05-26 00:00:00,大理石台面,4566,大理石台面,4566,5月耗材,嘉定公寓
2025-05-26 00:00:00,垃圾费,800,6月份垃圾费,800,5月耗材,嘉定公寓
2025-05-27 00:00:00,冰箱,648,R314房间前客户没有要,648,5月耗材,嘉定公寓
2025-05-27 00:00:00,凳子,56,R314房间前客户没有要,56,5月耗材,嘉定公寓
2025-05-29 00:00:00,空调费,10000,空调费,10000,5月耗材,嘉定公寓
2025-04-01 00:00:00,工资,5000,保洁+门卫2人工资,5000,4月耗材,嘉定公寓
2025-04-01 00:00:00,工资,2000,水电工工资,2000,4月耗材,嘉定公寓
2025-04-01 00:00:00,水电工费用,20000,水电工费用,20000,4月耗材,嘉定公寓
2025-04-01 00:00:00,垫资窗帘,20000,垫资窗帘,20000,4月耗材,嘉定公寓
2025-04-01 00:00:00,电梯油,150,电梯油,150,4月耗材,嘉定公寓
2025-04-02 00:00:00,给老杨工资,10000,给老杨工资,10000,4月耗材,嘉定公寓
2025-04-02 00:00:00,椅子,166.32,3把,166.32,4月耗材,嘉定公寓
2025-04-03 00:00:00,南孚电池,10,调换412没电了,10,4月耗材,嘉定公寓
2025-04-05 00:00:00,南孚电池,38.9,调换门锁电池,38.9,4月耗材,嘉定公寓
2025-04-05 00:00:00,床垫,121,S412加床少床垫,121,4月耗材,嘉定公寓
2025-04-06 00:00:00,冰箱,517.48,S405没有冰箱,517.48,4月耗材,嘉定公寓
2025-04-08 00:00:00,胶水,270,胶水,270,4月耗材,嘉定公寓
2025-04-10 00:00:00,网费,1140,3月份网费,1140,4月耗材,嘉定公寓
2025-04-13 00:00:00,冰箱,50,S405客户冰箱卖给我,50,4月耗材,嘉定公寓
2025-04-13 00:00:00,水泵,2890,水泵,2890,4月耗材,嘉定公寓
2025-04-14 00:00:00,热水器,3880,10台,3880,4月耗材,嘉定公寓
2025-04-15 00:00:00,三角阀全铜50个,800,三角阀全铜50个,800,4月耗材,嘉定公寓
2025-04-16 00:00:00,家具,10000,家具付齐,10000,4月耗材,嘉定公寓
2025-04-17 00:00:00,水电工费用,10000,水电工费用,10000,4月耗材,嘉定公寓
2025-04-17 00:00:00,钛金板订金,1000,钛金板订金,1000,4月耗材,嘉定公寓
2025-04-18 00:00:00,抚慰金,250,R107,250,4月耗材,嘉定公寓
2025-04-18 00:00:00,空调费,10000,结清,10000,4月耗材,嘉定公寓
2025-04-19 00:00:00,门订金,5000,门订金,5000,4月耗材,嘉定公寓
2025-04-19 00:00:00,垃圾费,2200,清运垃圾,2200,4月耗材,嘉定公寓
2025-04-22 00:00:00,钛金板费,9353,钛金板费,9350,4月耗材,嘉定公寓
2025-04-23 00:00:00,油烟机,2889.9,10台,2889.9,4月耗材,嘉定公寓
2025-04-23 00:00:00,家具订金,5000,家具订金,5000,4月耗材,嘉定公寓
2025-04-23 00:00:00,吊顶订金,5000,吊顶订金,5000,4月耗材,嘉定公寓
2025-04-23 00:00:00,洗水池订金,1360,洗水池订金,1360,4月耗材,嘉定公寓
2025-04-24 00:00:00,椅子,609.84,11把,609.84,4月耗材,嘉定公寓
2025-04-26 00:00:00,钛金板运费叉车费,1327,钛金板运费叉车费,1327,4月耗材,嘉定公寓
2025-04-26 00:00:00,垃圾费,800,5月垃圾费,800,4月耗材,嘉定公寓
2025-04-27 00:00:00,踢脚线 线条发泡剂,1673,踢脚线 线条发泡剂,1673,4月耗材,嘉定公寓
2025-04-27 00:00:00,结构胶 枪钉,1190,结构胶 枪钉,1190,4月耗材,嘉定公寓
2025-03-01 00:00:00,工资,5000,保洁+门卫2人工资,5000,3月耗材,嘉定公寓
2025-03-01 00:00:00,工资,2000,水电工工资,2000,3月耗材,嘉定公寓
2025-03-01 00:00:00,垃圾费,600,3月份,600,3月耗材,嘉定公寓
2025-03-02 00:00:00,热水器,3104,8台,3104,3月耗材,嘉定公寓
2025-03-02 00:00:00,椅子,521.8,10个,521.8,3月耗材,嘉定公寓
2025-03-05 00:00:00,网费,1126.8,2月份网费,1126.8,3月耗材,嘉定公寓
2025-03-06 00:00:00,三角阀,170,17个,170,3月耗材,嘉定公寓
2025-03-06 00:00:00,三角阀,50,5个,50,3月耗材,嘉定公寓
2025-03-06 00:00:00,胶水,120,打胶洗脸池开裂,120,3月耗材,嘉定公寓
2025-03-06 00:00:00,胶枪,12,打胶,12,3月耗材,嘉定公寓
2025-03-06 00:00:00,水管,40,水管,40,3月耗材,嘉定公寓
2025-03-06 00:00:00,水池,142,洗拖把池子,142,3月耗材,嘉定公寓
2025-03-08 00:00:00,洗衣机,6368.61,7台,6368.61,3月耗材,嘉定公寓
2025-03-08 00:00:00,热水器,1164,3台,1164,3月耗材,嘉定公寓
2025-03-11 00:00:00,水卫士,59.8,清洁打扫房间,59.8,3月耗材,嘉定公寓
2025-03-11 00:00:00,冰箱,4647,7台,4647,3月耗材,嘉定公寓
2025-03-12 00:00:00,凳子,329.67,5个,329.67,3月耗材,嘉定公寓
2025-03-12 00:00:00,监控,20000,安装监控,20000,3月耗材,嘉定公寓
2025-03-13 00:00:00,水池快递费,55,水池快递费,55,3月耗材,嘉定公寓
2025-03-16 00:00:00,消防垫资,2500,消防垫资,2500,3月耗材,嘉定公寓
2025-03-16 00:00:00,冰箱,1336,2台,冰箱,3月耗材,嘉定公寓
2025-03-16 00:00:00,氛围灯,55.1,R219客户需求,55.1,3月耗材,嘉定公寓
2025-03-16 00:00:00,电池,18,门锁换电池,18,3月耗材,嘉定公寓
2025-03-17 00:00:00,家具,10000,还欠1万,10000,3月耗材,嘉定公寓
2025-03-17 00:00:00,电梯,20000,结清,20000,3月耗材,嘉定公寓
2025-03-19 00:00:00,窗帘垫资,18346,窗帘垫资,18346,3月耗材,嘉定公寓
2025-03-22 00:00:00,停车棚材料费,3540,停车棚材料费,3540,3月耗材,嘉定公寓
2025-03-22 00:00:00,快递货架,262,快递货架,262,3月耗材,嘉定公寓
2025-03-23 00:00:00,氛围灯,55.1,R207客户需求,55.1,3月耗材,嘉定公寓
2025-03-23 00:00:00,三角阀,200,三角阀,200,3月耗材,嘉定公寓
2025-03-25 00:00:00,纱窗,260,R314客户需求,260,3月耗材,嘉定公寓
2025-03-25 00:00:00,送礼警察,2000,送礼警察,2000,3月耗材,嘉定公寓
2025-03-25 00:00:00,垃圾费,800,4月份提前付垃圾多加200,800,3月耗材,嘉定公寓
2025-02-01 00:00:00,工资,5000,保洁+门卫2人工资,5000,2月耗材,嘉定公寓
2025-02-01 00:00:00,工资,2000,水电工工资,2000,2月耗材,嘉定公寓
2025-02-03 00:00:00,冰箱大,2004,3台,2004,2月耗材,嘉定公寓
2025-02-03 00:00:00,冰箱小,1104,3台,1104,2月耗材,嘉定公寓
2025-02-04 00:00:00,门卫室,10000,还欠1万,10000,2月耗材,嘉定公寓
2025-02-04 00:00:00,大理石,10000,付齐,10000,2月耗材,嘉定公寓
2025-02-05 00:00:00,洗衣机康佳,919,1台,919,2月耗材,嘉定公寓
2025-02-05 00:00:00,洗衣机康佳,949,1台,949,2月耗材,嘉定公寓
2025-02-06 00:00:00,洗衣机TCL,833,1台,833,2月耗材,嘉定公寓
2025-02-06 00:00:00,卫具洗脸池,1100,10套,1100,2月耗材,嘉定公寓
2025-02-06 00:00:00,网费,1079.97,1月份网费,1079.97,2月耗材,嘉定公寓
2025-02-06 00:00:00,网费,180,新加6户开通3个月（11.12.1）,180,2月耗材,嘉定公寓
2025-02-07 00:00:00,洗衣机TCL,917,1台,917,2月耗材,嘉定公寓
2025-02-07 00:00:00,洗衣机TCL,913,1台,913,2月耗材,嘉定公寓
2025-02-08 00:00:00,热水器,1940,5台,1940,2月耗材,嘉定公寓
2025-02-10 00:00:00,冰箱小,1840,5台,1840,2月耗材,嘉定公寓
2025-02-10 00:00:00,冰箱大,3445,5台,3445,2月耗材,嘉定公寓
2025-02-12 00:00:00,家具,10000,还欠3万,10000,2月耗材,嘉定公寓
2025-02-12 00:00:00,康佳洗衣机,4890,5台,4890,2月耗材,嘉定公寓
2025-02-12 00:00:00,太阳花,93.65,种植花坛里,93.65,2月耗材,嘉定公寓
2025-02-12 00:00:00,绿化土500斤,205,种花,205,2月耗材,嘉定公寓
2025-02-14 00:00:00,床垫,147.7,1床,147.7,2月耗材,嘉定公寓
2025-02-15 00:00:00,充电桩锂电池,523,6路,523,2月耗材,嘉定公寓
2025-02-16 00:00:00,绿化土200斤,80.8,种植花坛里,80.8,2月耗材,嘉定公寓
2025-02-16 00:00:00,家具,10000,还欠2万,10000,2月耗材,嘉定公寓
2025-02-16 00:00:00,桌子,123.3,10张,123.3,2月耗材,嘉定公寓
2025-02-16 00:00:00,洗衣机TCL,908,1台,908,2月耗材,嘉定公寓
2025-02-16 00:00:00,冰箱,2590,5台,2590,2月耗材,嘉定公寓
2025-02-18 00:00:00,洗衣机TCL,4534.16,5台,4534.16,2月耗材,嘉定公寓
2025-02-18 00:00:00,桌子,901.6,10张,901.6,2月耗材,嘉定公寓
2025-02-18 00:00:00,床垫,796.4,5床,796.4,2月耗材,嘉定公寓
2025-02-19 00:00:00,冰箱,3245,5台,3245,2月耗材,嘉定公寓
2025-02-19 00:00:00,洗脸池,141,1套,141,2月耗材,嘉定公寓
2025-02-19 00:00:00,洗衣机TCL,885.7,1台,885.7,2月耗材,嘉定公寓
2025-02-21 00:00:00,洗衣机TCL,9068.31,10台,9068.31,2月耗材,嘉定公寓
2025-02-21 00:00:00,椅子,368.28,6张,368.28,2月耗材,嘉定公寓
2025-02-21 00:00:00,热水器,3880,10台,3880,2月耗材,嘉定公寓
2025-02-22 00:00:00,洗脸池,474,2套,474,2月耗材,嘉定公寓
2025-02-22 00:00:00,路由器收纳盒,39.73,6个,39.73,2月耗材,嘉定公寓
2025-02-22 00:00:00,床垫,288,1床,288,2月耗材,嘉定公寓
2025-02-22 00:00:00,桌子,370,3张,370,2月耗材,嘉定公寓
2025-02-23 00:00:00,冰箱,3245,5台,3245,2月耗材,嘉定公寓
2025-02-24 00:00:00,桌子,505.68,6张,505.68,2月耗材,嘉定公寓
2025-02-24 00:00:00,洗衣机TCL,4534.16,5台,4534.16,2月耗材,嘉定公寓
2025-02-24 00:00:00,三角阀,490,47个,490,2月耗材,嘉定公寓
2025-02-24 00:00:00,花洒,20,1个,20,2月耗材,嘉定公寓
2025-02-24 00:00:00,生胶带,60,30卷,60,2月耗材,嘉定公寓
2025-02-26 00:00:00,洗衣机TCL,4534.16,5台,4534.16,2月耗材,嘉定公寓
2025-02-26 00:00:00,冰箱,3108,6台,3108,2月耗材,嘉定公寓
2025-02-26 00:00:00,床头靠垫,39.9,1个打样,39.9,2月耗材,嘉定公寓
2025-02-26 00:00:00,床单,55,2个打样,55,2月耗材,嘉定公寓
2024-01-01 00:00:00,工资,5000,保洁+门卫2人工资,5000,1月耗材,嘉定公寓
2024-01-01 00:00:00,工资,2000,水电工工资,2000,1月耗材,嘉定公寓
2024-01-01 00:00:00,陪热水器软管,780,64根,780,1月耗材,嘉定公寓
2024-01-01 00:00:00,热水器接头,88,热水器接头,88,1月耗材,嘉定公寓
2024-01-02 00:00:00,洗衣机,3912,4台,3912,1月耗材,嘉定公寓
2024-01-02 00:00:00,垃圾费,600,12月份垃圾费,600,1月耗材,嘉定公寓
2024-01-02 00:00:00,空调接长插座,40,4个,40,1月耗材,嘉定公寓
2025-01-04 00:00:00,不锈钢毛巾架,630,20个,630,1月耗材,嘉定公寓
2025-01-04 00:00:00,路由器收纳盒,155.93,30个,155.93,1月耗材,嘉定公寓
2025-01-04 00:00:00,卫生间置物架,210,15个,210,1月耗材,嘉定公寓
2025-01-07 00:00:00,门卫室铝合金门,2725,门卫室铝合金门,2725,1月耗材,嘉定公寓
2025-01-13 00:00:00,洗脸池,2201,20套,2201,1月耗材,嘉定公寓
2025-01-15 00:00:00,家具,40000,家具还欠4万,40000,1月耗材,嘉定公寓
2025-01-18 00:00:00,电梯费,19000,还欠2万,19000,1月耗材,嘉定公寓
2025-01-20 00:00:00,空调费,16335,还欠1万,16335,1月耗材,嘉定公寓
2025-01-25 00:00:00,垃圾费,600,1月份垃圾费,600,1月耗材,嘉定公寓
2024-12-01 00:00:00,工资,5000,保洁+门卫2人工资,5000,12月耗材,嘉定公寓
2024-12-01 00:00:00,工资,2000,水电工工资,2000,12月耗材,嘉定公寓
2024-12-01 00:00:00,地图费用,80,网上搜索地图费用,80,12月耗材,嘉定公寓
2024-12-01 00:00:00,电梯费,20000,电梯费,20000,12月耗材,嘉定公寓
2024-12-02 00:00:00,卫生间洗漱台盆,118.7,安装空房间,118.7,12月耗材,嘉定公寓
2024-12-04 00:00:00,踢脚线,386,做踢脚线,386,12月耗材,嘉定公寓
2024-12-05 00:00:00,手枪钻,180,手枪钻,180,12月耗材,嘉定公寓
2024-12-05 00:00:00,门帘,48.5,门卫室,48.5,12月耗材,嘉定公寓
2024-12-06 00:00:00,洗衣机,919,安装空房间,919,12月耗材,嘉定公寓
2024-12-06 00:00:00,洗衣机,919,安装空房间,919,12月耗材,嘉定公寓
2024-12-06 00:00:00,冰箱,1790,安装空房间5台,1790,12月耗材,嘉定公寓
2024-12-06 00:00:00,洗衣机,1956,安装空房间2台,1956,12月耗材,嘉定公寓
2024-12-06 00:00:00,卫生间洗漱台盆,1173.63,安装空房间10套,1173.63,12月耗材,嘉定公寓
2024-12-06 00:00:00,网费,3304.8,9月10月月11月,3304.8,12月耗材,嘉定公寓
2024-12-06 00:00:00,安装电子门订金,1000,大门,1000,12月耗材,嘉定公寓
2024-12-07 00:00:00,洗衣机,1956,安装空房间2台,1956,12月耗材,嘉定公寓
2024-12-07 00:00:00,冰箱,1275.8,安装空房间2台,1275.8,12月耗材,嘉定公寓
2024-12-07 00:00:00,桌子,173.85,安装空房间3张,173.85,12月耗材,嘉定公寓
2024-12-07 00:00:00,凳子,161.57,安装空房间3张,161.57,12月耗材,嘉定公寓
2024-12-07 00:00:00,水龙头,100,安装空房间,100,12月耗材,嘉定公寓
2024-12-08 00:00:00,床垫,575,安装空房间5套,575,12月耗材,嘉定公寓
2024-12-08 00:00:00,浴室储物架,210.9,安装空房间15套,210.9,12月耗材,嘉定公寓
2024-12-09 00:00:00,花箱,919.4,4个花箱,919.4,12月耗材,嘉定公寓
2024-12-09 00:00:00,水龙头,114,两个,114,12月耗材,嘉定公寓
2024-12-09 00:00:00,地漏,279,49个安装洗漱台用,279,12月耗材,嘉定公寓
2024-12-10 00:00:00,洗衣机,978,安装空房间,978,12月耗材,嘉定公寓
2024-12-10 00:00:00,热水器,1940,安装空房间5台,1940,12月耗材,嘉定公寓
2024-12-10 00:00:00,铁管,240,做晾衣架,240,12月耗材,嘉定公寓
2024-12-11 00:00:00,椅子,153.5,安装空房间3张,153.5,12月耗材,嘉定公寓
2024-12-11 00:00:00,桌子,177.77,安装空房间3张,177.77,12月耗材,嘉定公寓
2024-12-11 00:00:00,洗衣机,3912,安装空房间4台,3912,12月耗材,嘉定公寓
2024-12-11 00:00:00,大理石台面,5000,厨房大理石台面,5000,12月耗材,嘉定公寓
2024-12-11 00:00:00,床垫,1840,床垫,1840,12月耗材,嘉定公寓
2024-12-12 00:00:00,门卫室订做,18500,门卫室订做还欠20000,18500,12月耗材,嘉定公寓
2024-12-12 00:00:00,洗漱台,1173.63,安装空房间10套,1173.63,12月耗材,嘉定公寓
2024-12-13 00:00:00,老杨工资,5000,工资,5000,12月耗材,嘉定公寓
2024-12-14 00:00:00,冰箱,1790,安装空房间5台,1790,12月耗材,嘉定公寓
2024-12-14 00:00:00,门禁门,4800,大门处,4800,12月耗材,嘉定公寓
2024-12-15 00:00:00,划线油漆 钻头,93,划线油漆 钻头,93,12月耗材,嘉定公寓
2024-12-16 00:00:00,洗漱池,1105.59,安装空房间10套,1105.59,12月耗材,嘉定公寓
2024-12-16 00:00:00,运费,160,床垫物流,160,12月耗材,嘉定公寓
2024-12-16 00:00:00,快递货架,500,快递货架2个,500,12月耗材,嘉定公寓
2024-12-17 00:00:00,洗衣机,2934,3台,2934,12月耗材,嘉定公寓
2024-12-17 00:00:00,桌子,630,10张,630,12月耗材,嘉定公寓
2024-12-17 00:00:00,椅子,95,4张,95,12月耗材,嘉定公寓
2024-12-17 00:00:00,热水器,1940,5台,1940,12月耗材,嘉定公寓
2024-12-20 00:00:00,去污碱,38.89,10斤打扫卫生,38.89,12月耗材,嘉定公寓
2024-12-20 00:00:00,家具费,20000,还欠8万,20000,12月耗材,嘉定公寓
2024-12-20 00:00:00,空调费,20000,空调费,20000,12月耗材,嘉定公寓
2024-12-21 00:00:00,洗衣机,978,1台,978,12月耗材,嘉定公寓
2024-12-22 00:00:00,指示牌,1750,指示牌,1750,12月耗材,嘉定公寓
2024-12-22 00:00:00,换气扇,500,换气扇,500,12月耗材,嘉定公寓
2024-12-23 00:00:00,窗户隔音条,58,窗户隔音条,58,12月耗材,嘉定公寓
2024-12-23 00:00:00,洗衣机,1956,2台,1956,12月耗材,嘉定公寓
2024-12-25 00:00:00,桌子,630,10张,630,12月耗材,嘉定公寓
2024-12-25 00:00:00,椅子,188.16,8把,188.16,12月耗材,嘉定公寓
2024-12-25 00:00:00,灯泡接线,20,快递接线灯泡,20,12月耗材,嘉定公寓
2024-12-25 00:00:00,冰箱,1790,5台,1790,12月耗材,嘉定公寓
2024-12-25 00:00:00,洗衣机,1956,2台,1956,12月耗材,嘉定公寓
2024-12-26 00:00:00,洗衣机,1956,2台,1956,12月耗材,嘉定公寓
2024-11-01 00:00:00,工资,5000,保洁2人工资,5000,11月耗材,嘉定公寓
2024-11-01 00:00:00,工资,2400,水电工工资,2400,11月耗材,嘉定公寓
2024-11-01 00:00:00,洗衣机,949,放置空房间,949,11月耗材,嘉定公寓
2024-11-01 00:00:00,保洁铲刀,24,三把铲刀1盒刀片,24,11月耗材,嘉定公寓
2024-11-01 00:00:00,席梦思床垫,3400,放置空房间10床,3400,11月耗材,嘉定公寓
2024-11-01 00:00:00,卫生间三角置物架,124.74,放置空房间10套,124.74,11月耗材,嘉定公寓
2024-11-01 00:00:00,厨房水槽,504,放置空房间4套,504,11月耗材,嘉定公寓
2024-11-01 00:00:00,软管配件,425,安装热水器,425,11月耗材,嘉定公寓
2024-11-01 00:00:00,踢脚线,280,安装房间踢脚线,280,11月耗材,嘉定公寓
2024-11-01 00:00:00,钻头,30,工具上用,30,11月耗材,嘉定公寓
2024-11-02 00:00:00,不锈钢置物架,1600,安装空房间,1600,11月耗材,嘉定公寓
2024-11-02 00:00:00,洗脸池一体,2854,10套安装空房间,2854,11月耗材,嘉定公寓
2024-11-02 00:00:00,下水道密封圈,27.55,10个密封下水管防臭,27.55,11月耗材,嘉定公寓
2024-11-02 00:00:00,下水道密封圈,71.1,11个密封下水管防臭,71.1,11月耗材,嘉定公寓
2024-11-03 00:00:00,浴室置物架,281.2,20套安装空房间,281.2,11月耗材,嘉定公寓
2024-11-05 00:00:00,买踢脚线+胶水+钉,1358,安装空置房间,1358,11月耗材,嘉定公寓
2024-11-05 00:00:00,大理石台面,5000,一共欠20186付了5000,5000,11月耗材,嘉定公寓
2024-11-05 00:00:00,桌子,688.5,5张放置空房间,688.5,11月耗材,嘉定公寓
2024-11-05 00:00:00,椅子,218,5张放置空房间,218,11月耗材,嘉定公寓
2024-11-06 00:00:00,漏油器收纳盒,207.9,20套安装空房间,207.9,11月耗材,嘉定公寓
2024-11-06 00:00:00,合同簿,47.5,5本签合同用,47.5,11月耗材,嘉定公寓
2024-11-07 00:00:00,电瓶车充电桩,2020,15台安装充电桩,2020,11月耗材,嘉定公寓
2024-11-08 00:00:00,停车位划线,692,划停车线,692,11月耗材,嘉定公寓
2024-11-08 00:00:00,水池快递费,84,水池快递费,84,11月耗材,嘉定公寓
2024-11-08 00:00:00,门卫室生态板,260,安装门卫室,260,11月耗材,嘉定公寓
2024-11-09 00:00:00,热水器,3492,9台热水器,3492,11月耗材,嘉定公寓
2024-11-09 00:00:00,木工家具,20000,做家具费,20000,11月耗材,嘉定公寓
2024-11-11 00:00:00,安装充电桩线路,470,安装充电桩,470,11月耗材,嘉定公寓
2024-11-11 00:00:00,床板物流费,60,床板物流费,60,11月耗材,嘉定公寓
2024-11-11 00:00:00,踢脚线,140,踢脚线,140,11月耗材,嘉定公寓
2024-11-11 00:00:00,洗衣机水管,195,接长管子,195,11月耗材,嘉定公寓
2024-11-11 00:00:00,结构胶,180,结构胶1箱,180,11月耗材,嘉定公寓
2024-11-12 00:00:00,给老杨工资,10000,工资,10000,11月耗材,嘉定公寓
2024-11-13 00:00:00,洗衣机,949,安装空房间,949,11月耗材,嘉定公寓
2024-11-14 00:00:00,洗衣机,919,安装空房间,919,11月耗材,嘉定公寓
2024-11-15 00:00:00,买玻璃胶,320,打厨房洗水池,320,11月耗材,嘉定公寓
2024-11-16 00:00:00,洗衣机,919,安装空房间,919,11月耗材,嘉定公寓
2024-11-18 00:00:00,钢丝绳,120,安装晾衣架,120,11月耗材,嘉定公寓
2024-11-18 00:00:00,洗衣机,919,安装空房间,919,11月耗材,嘉定公寓
2024-11-20 00:00:00,洗衣机,919,安装空房间,919,11月耗材,嘉定公寓
2024-11-20 00:00:00,洗衣机,949,安装空房间,949,11月耗材,嘉定公寓
2024-11-20 00:00:00,冰箱,346.81,安装空房间,346.81,11月耗材,嘉定公寓
2024-11-20 00:00:00,盖垃圾房材料费,668,方管 彩钢瓦 马腿,668,11月耗材,嘉定公寓
2024-11-20 00:00:00,灭火器,1260,12个灭火器,1260,11月耗材,嘉定公寓
2024-11-20 00:00:00,晾衣钢丝,112,晾衣服,112,11月耗材,嘉定公寓
2024-11-20 00:00:00,空调费,20000,空调费,20000,11月耗材,嘉定公寓
2024-11-21 00:00:00,冰箱,346.81,安装空房间,346.81,11月耗材,嘉定公寓
2024-11-21 00:00:00,洗衣机,919,安装空房间,919,11月耗材,嘉定公寓
2024-11-21 00:00:00,电焊机焊条,300,电焊机焊条,300,11月耗材,嘉定公寓
2024-11-22 00:00:00,垃圾房彩钢瓦拉杆,180,垃圾房彩钢瓦拉杆,180,11月耗材,嘉定公寓
2024-11-24 00:00:00,拉晾衣架材料,520,拉晾衣架材料,520,11月耗材,嘉定公寓
2024-11-26 00:00:00,买路灯,394,安装路灯,394,11月耗材,嘉定公寓
2024-11-26 00:00:00,拉晾衣架材料,86,拉晾衣架材料,86,11月耗材,嘉定公寓
2024-11-26 00:00:00,洗衣机,919,安装空房间,919,11月耗材,嘉定公寓
2024-11-26 00:00:00,洗衣机,949,安装空房间,949,11月耗材,嘉定公寓
2024-11-26 00:00:00,冰箱,1784.09,安装空房间5台,1784.09,11月耗材,嘉定公寓
2024-11-26 00:00:00,热水器,3880,安装空房间10台,3880,11月耗材,嘉定公寓
2024-11-27 00:00:00,美缝胶,280,打胶,280,11月耗材,嘉定公寓
2024-11-27 00:00:00,广角镜,169,安装大门口,169,11月耗材,嘉定公寓
2024-11-27 00:00:00,种花台子,299.2,大门种植,299.2,11月耗材,嘉定公寓
2024-11-27 00:00:00,太阳能照明,349,安装路灯,349,11月耗材,嘉定公寓
2024-11-27 00:00:00,晾衣绳,30.92,安装晾衣架,30.92,11月耗材,嘉定公寓
2024-11-27 00:00:00,防臭地漏,14.7,安装,14.7,11月耗材,嘉定公寓
2026-07-01 00:00:00,垃圾费,800,7份垃圾费,800,7月耗材2,明远公寓
2026-07-01 00:00:00,香氛,86.85,挂楼道人多味道难闻（有死老鼠）,86.85,7月耗材2,明远公寓
2026-07-01 00:00:00,208卫生费,50,208卫生费,50,7月耗材2,明远公寓
2026-07-02 00:00:00,328换灯芯3个备用2个,60,328换灯芯,60,7月耗材2,明远公寓
2026-07-03 00:00:00,322换密码锁,166,322换密码锁（损坏调换）,166,7月耗材2,明远公寓
2026-07-07 00:00:00,210卫生费,50,210卫生费,50,7月耗材2,明远公寓
2026-07-20 00:00:00,走道卫生费,500,走道卫生费,500,7月耗材2,明远公寓
2026-07-22 00:00:00,324卫生费,50,324卫生费,50,7月耗材2,明远公寓
2026-07-25 00:00:00,下水道疏通剂12瓶,79.6,下水道疏通剂12瓶,79.6,7月耗材2,明远公寓
2026-07-25 00:00:00,马桶芯3套,60,324损坏调换备用2个,60,7月耗材2,明远公寓
2026-07-27 00:00:00,走廊声控灯调换3个,85,走廊声控灯调换3个,85,7月耗材2,明远公寓
2026-06-01 00:00:00,垃圾费,800,6份垃圾费,800,6月耗材2,明远公寓
2026-06-02 00:00:00,314室买蟑螂药,15.68,314室买蟑螂药,15.68,6月耗材2,明远公寓
2026-06-02 00:00:00,207调换水龙头,30,207调换水龙头,30,6月耗材2,明远公寓
2026-06-02 00:00:00,206换灯芯,40,206换灯芯备用1个,40,6月耗材2,明远公寓
2026-06-02 00:00:00,218+215卫生费,100,218+215卫生费,100,6月耗材2,明远公寓
2026-06-03 00:00:00,318卫生费,50,318卫生费,50,6月耗材2,明远公寓
2026-06-04 00:00:00,水卫士清洁剂,59.9,水卫士清洁剂,59.9,6月耗材2,明远公寓
2026-06-06 00:00:00,321+327卫生费,100,321+327卫生费,100,6月耗材2,明远公寓
2026-06-13 00:00:00,302卫生费,50,302卫生费,50,6月耗材2,明远公寓
2026-06-13 00:00:00,313调换水龙头,30,313调换水龙头,30,6月耗材2,明远公寓
2026-06-17 00:00:00,211卫生费,50,211卫生费,50,6月耗材2,明远公寓
2026-06-20 00:00:00,走道卫生费,500,走道卫生费,500,6月耗材2,明远公寓
2026-06-22 00:00:00,215调换冰箱,538,215调换冰箱原冰箱损坏,538,6月耗材2,明远公寓
2026-06-23 00:00:00,201+305卫生费,100,201+305卫生费,100,6月耗材2,明远公寓
2026-06-23 00:00:00,201调换水龙头+硅胶,40,201调换水龙头+硅胶,40,6月耗材2,明远公寓
2026-06-26 00:00:00,206换水龙头,30,206换水龙头,30,6月耗材2,明远公寓
2026-06-29 00:00:00,小米路由器3个,387,调换损坏路由器,387,6月耗材2,明远公寓
2026-06-29 00:00:00,212卫生费,50,212卫生费,50,6月耗材2,明远公寓
2026-05-01 00:00:00,垃圾费,800,11月份垃圾费,800,5月耗材1,明远公寓
2026-05-01 00:00:00,215卫生费,50,215卫生费,50,5月耗材1,明远公寓
2026-05-11 00:00:00,管道疏通剂,39.8,管道疏通剂,39.8,5月耗材1,明远公寓
2026-05-14 00:00:00,204卫生费,50,204卫生费,50,5月耗材1,明远公寓
2026-05-19 00:00:00,306疏通管道,100,306疏通管道,100,5月耗材1,明远公寓
2026-05-20 00:00:00,314卫生费,50,314卫生费,50,5月耗材1,明远公寓
2026-05-20 00:00:00,楼道卫生费,500,楼道卫生费,500,5月耗材1,明远公寓
2026-05-22 00:00:00,311马桶芯+按压器,36,损坏调换,36,5月耗材1,明远公寓
2026-05-25 00:00:00,213+304卫生费,100,213+304卫生费,100,5月耗材1,明远公寓
2026-05-26 00:00:00,204卫生费,50,204卫生费,50,5月耗材1,明远公寓
2026-05-30 00:00:00,210+316卫生费,100,210+316卫生费,100,5月耗材1,明远公寓
2026-03-01 00:00:00,垃圾费,800,11月份垃圾费,800,4月耗材1,明远公寓
2026-03-01 00:00:00,物业费,1100,物业费,1100,4月耗材1,明远公寓
2026-04-22 00:00:00,走道卫生费,400,走道卫生费,400,4月耗材1,明远公寓
2026-04-22 00:00:00,305+201卫生费,100,305+201卫生费,100,4月耗材1,明远公寓
2026-04-23 00:00:00,开关+摸子粉墙,20,202房维修开关+摸子粉墙,20,4月耗材1,明远公寓
2026-04-24 00:00:00,床头画202,28.8,床头画202,28.8,4月耗材1,明远公寓
2026-04-25 00:00:00,202+320卫生费,100,202+320卫生费,100,4月耗材1,明远公寓
2026-04-25 00:00:00,腻子粉补墙,12,腻子粉补墙,12,4月耗材1,明远公寓
2026-04-30 00:00:00,203+306卫生费,100,203+306卫生费,100,4月耗材1,明远公寓
2026-03-01 00:00:00,垃圾费,800,11月份垃圾费,800,3月耗材1,明远公寓
2026-03-01 00:00:00,物业费,1100,物业费,1100,3月耗材1,明远公寓
2026-03-03 00:00:00,321+327卫生费,100,321+327卫生费,100,3月耗材1,明远公寓
2026-03-07 00:00:00,334卫生费,50,334卫生费,50,3月耗材1,明远公寓
2026-03-07 00:00:00,水卫士清洁剂,29.9,水卫士清洁剂,29.9,3月耗材1,明远公寓
2026-03-25 00:00:00,325+210卫生费,100,325+210卫生费,100,3月耗材1,明远公寓
2026-03-25 00:00:00,管道疏通剂,69,管道疏通剂,69,3月耗材1,明远公寓
2026-03-26 00:00:00,广告牌,600,广告牌子不清晰了,600,3月耗材1,明远公寓
2026-03-26 00:00:00,胶水打胶210房间,18,胶水打胶210房间,18,3月耗材1,明远公寓
2026-03-26 00:00:00,喷漆+铲刀,15,喷漆+铲刀,15,3月耗材1,明远公寓
2026-03-26 00:00:00,灶台铁210,25.5,灶台铁210,25.5,3月耗材1,明远公寓
2026-03-26 00:00:00,床头画,29.9,床头画,29.9,3月耗材1,明远公寓
2026-03-30 00:00:00,330卫生费,50,330卫生费,50,3月耗材1,明远公寓
2026-02-01 00:00:00,垃圾费,800,11月份垃圾费,800,2月耗材1,明远公寓
2026-02-01 00:00:00,物业费,1100,物业费,1100,2月耗材1,明远公寓
2026-02-02 00:00:00,锂电池备用4个,60,调换水表锂电池,60,2月耗材1,明远公寓
2026-02-04 00:00:00,软中华香烟,1200,送礼居委管理人员,1200,2月耗材1,明远公寓
2026-02-04 00:00:00,送礼金警察,2000,送礼金警察,2000,2月耗材1,明远公寓
2026-02-20 00:00:00,楼道卫生费,500,楼道卫生费,500,2月耗材1,明远公寓
2026-02-25 00:00:00,310+328+218打扫费,150,310+328+218打扫费,150,2月耗材1,明远公寓
2025-01-01 00:00:00,垃圾费,800,11月份垃圾费,800,1月耗材1,明远公寓
2025-01-01 00:00:00,物业费,1100,物业费,1100,1月耗材1,明远公寓
2026-01-20 00:00:00,走道卫生费,500,走道卫生费,500,1月耗材1,明远公寓
2026-01-21 00:00:00,涂料+用具粉刷204,160,涂料+用具粉刷204,160,1月耗材1,明远公寓
2026-01-21 00:00:00,香氛打样房间,24,香氛打样房间,24,1月耗材1,明远公寓
2026-01-21 00:00:00,灯芯2个备用,25.66,灯芯2个备用,25.66,1月耗材1,明远公寓
2026-01-21 00:00:00,204卫生费,50,204卫生费,50,1月耗材1,明远公寓
2025-12-01 00:00:00,垃圾费,800,11月份垃圾费,800,12月耗材1,明远公寓
2025-12-01 00:00:00,物业费,1100,物业费,1100,12月耗材1,明远公寓
2025-12-04 00:00:00,328卫生费,50,328卫生费,50,12月耗材1,明远公寓
2025-12-05 00:00:00,203卫生费,50,203卫生费,50,12月耗材1,明远公寓
2025-12-20 00:00:00,306卫生费,50,306卫生费,50,12月耗材1,明远公寓
2025-12-20 00:00:00,楼道卫生费,500,楼道卫生费,500,12月耗材1,明远公寓
2025-12-29 00:00:00,212 312卫生费,100,212 312卫生费,100,12月耗材1,明远公寓
2025-11-01 00:00:00,垃圾费,800,11月份垃圾费,800,11月耗材1,明远公寓
2025-11-01 00:00:00,物业费,1100,物业费,1100,11月耗材1,明远公寓
2025-11-02 00:00:00,疏通器,40,疏通器,40,11月耗材1,明远公寓
2025-11-02 00:00:00,胶水+抢,20,201洗手盆坏了打胶,20,11月耗材1,明远公寓
2025-11-09 00:00:00,马桶按压器+浴室灯,18,马桶按压器+浴室灯,18,11月耗材1,明远公寓
2025-11-09 00:00:00,326+317卫生费,100,326+317卫生费,100,11月耗材1,明远公寓
2025-11-10 00:00:00,306密码门 电池,16,306密码门 电池,16,11月耗材1,明远公寓
2025-11-18 00:00:00,315调换水龙头,25,315调换水龙头,25,11月耗材1,明远公寓
2025-11-18 00:00:00,315调换马桶抽水配件,20,315调换马桶抽水配件,20,11月耗材1,明远公寓
2025-11-18 00:00:00,315卫生费,50,315卫生费,50,11月耗材1,明远公寓
2025-11-20 00:00:00,走道卫生费,500,走道卫生费,500,11月耗材1,明远公寓
2025-11-22 00:00:00,316换水龙头,25,316换水龙头,25,11月耗材1,明远公寓
2025-11-23 00:00:00,212+333卫生费,100,212+333卫生费,100,11月耗材1,明远公寓
2025-11-28 00:00:00,211卫生费,50,211卫生费,50,11月耗材1,明远公寓
2025-10-01 00:00:00,垃圾费,800,11月份垃圾费,800,10月耗材1 ,明远公寓
2025-10-01 00:00:00,物业费,1100,物业费,1100,10月耗材1 ,明远公寓
2025-10-08 00:00:00,302 331卫生费,100,302 331卫生费,100,10月耗材1 ,明远公寓
2025-10-13 00:00:00,走廊感应灯损坏5个,100,走廊感应灯损坏5个,100,10月耗材1 ,明远公寓
2025-10-20 00:00:00,306卫生费,50,306卫生费,50,10月耗材1 ,明远公寓
2025-10-20 00:00:00,306马桶按压器调换,8,306马桶按压器调换,8,10月耗材1 ,明远公寓
2025-10-20 00:00:00,走道卫生费,500,走道卫生费,500,10月耗材1 ,明远公寓
2025-10-26 00:00:00,327卫生费,50,327卫生费,50,10月耗材1 ,明远公寓
2025-09-01 00:00:00,垃圾费,800,11月份垃圾费,800,9月耗材1,明远公寓
2025-09-01 00:00:00,物业费,1100,物业费,1100,9月耗材1,明远公寓
2025-09-01 00:00:00,323换灯芯,20,323换灯芯,20,9月耗材1,明远公寓
2025-09-01 00:00:00,梯子,95,梯子,95,9月耗材1,明远公寓
2025-09-01 00:00:00,灯芯备用三个,51,灯芯备用三个,51,9月耗材1,明远公寓
2025-09-01 00:00:00,201换灯芯,20,201换灯芯,20,9月耗材1,明远公寓
2025-09-03 00:00:00,疏通剂疏通下水道,30.4,疏通剂疏通下水道,30.4,9月耗材1,明远公寓
2025-09-04 00:00:00,蟑螂药,39.9,蟑螂药,39.9,9月耗材1,明远公寓
2025-09-14 00:00:00,334维修浴室门,200,334维修浴室门,200,9月耗材1,明远公寓
2025-09-20 00:00:00,走道卫生费,500,走道卫生费,500,9月耗材1,明远公寓
2025-09-24 00:00:00,马桶按压器10个,41,马桶按压器10个,41,9月耗材1,明远公寓
2025-09-28 00:00:00,331卫生费,50,331卫生费,50,9月耗材1,明远公寓
2025-08-01 00:00:00,垃圾费,800,11月份垃圾费,800,8月耗材1,明远公寓
2025-08-01 00:00:00,物业费,1100,物业费,1100,8月耗材1,明远公寓
2025-08-02 00:00:00,317床头画,29.9,317床头画,29.9,8月耗材1,明远公寓
2025-08-03 00:00:00,324+317+304卫生费,150,324+317+304卫生费,150,8月耗材1,明远公寓
2025-08-05 00:00:00,香薰8瓶,70.11,香薰8瓶,70.11,8月耗材1,明远公寓
2025-08-05 00:00:00,防臭地漏5个,64.1,防臭地漏5个,64.1,8月耗材1,明远公寓
2025-08-10 00:00:00,调换213马桶按压器,6,调换213马桶按压器,6,8月耗材1,明远公寓
2025-08-10 00:00:00,调换321浴霸灯,6,调换321浴霸灯,6,8月耗材1,明远公寓
2025-08-10 00:00:00,321卫生费,50,321卫生费,50,8月耗材1,明远公寓
2025-08-15 00:00:00,308+212卫生费,100,308+212卫生费,100,8月耗材1,明远公寓
2025-08-20 00:00:00,楼道卫生费,500,楼道卫生费,500,8月耗材1,明远公寓
2025-08-25 00:00:00,201卫生费,50,201卫生费,50,8月耗材1,明远公寓
2025-08-28 00:00:00,315卫生费,50,315卫生费,50,8月耗材1,明远公寓
2025-08-31 00:00:00,322卫生费,50,322卫生费,50,8月耗材1,明远公寓
2025-08-31 00:00:00,315调换花洒+水管,25,315调换花洒+水管,25,8月耗材1,明远公寓
2025-08-31 00:00:00,213浴室浴霸灯,6,213浴室浴霸灯,6,8月耗材1,明远公寓
2025-07-01 00:00:00,垃圾费,800,11月份垃圾费,800,7月耗材1,明远公寓
2025-07-01 00:00:00,物业费,1100,物业费,1100,7月耗材1,明远公寓
2025-07-03 00:00:00,327调换水龙头+灯芯,60,327调换水龙头+灯芯,60,7月耗材1,明远公寓
2025-07-06 00:00:00,302换水龙头,35,302换水龙头,35,7月耗材1,明远公寓
2025-07-06 00:00:00,302卫生费,50,302卫生费,50,7月耗材1,明远公寓
2025-07-06 00:00:00,218换水龙头,35,218换水龙头,35,7月耗材1,明远公寓
2025-07-06 00:00:00,胶水水池打胶,20,胶水水池打胶,20,7月耗材1,明远公寓
2025-07-06 00:00:00,手套打扫卫生,30,手套打扫卫生,30,7月耗材1,明远公寓
2025-07-07 00:00:00,316卫生费,50,316卫生费,50,7月耗材1,明远公寓
2025-07-20 00:00:00,211卫生费,50,211卫生费,50,7月耗材1,明远公寓
2025-07-20 00:00:00,走到卫生费,500,走到卫生费,500,7月耗材1,明远公寓
2025-07-20 00:00:00,332调换灯芯,20,332调换灯芯,20,7月耗材1,明远公寓
2025-07-20 00:00:00,332马桶按压器,6,332马桶按压器,6,7月耗材1,明远公寓
2025-07-20 00:00:00,215卫生费,50,215卫生费,50,7月耗材1,明远公寓
2025-07-26 00:00:00,330调换马桶按压器,6,330调换马桶按压器,6,7月耗材1,明远公寓
2025-07-26 00:00:00,330卫生费,50,330卫生费,50,7月耗材1,明远公寓
2025-07-30 00:00:00,215调换马桶按压器,6,215调换马桶按压器,6,7月耗材1,明远公寓
2025-07-30 00:00:00,334调换灯芯,25,334调换灯芯,25,7月耗材1,明远公寓
2025-06-01 00:00:00,垃圾费,800,11月份垃圾费,800,6月耗材1,明远公寓
2025-06-01 00:00:00,物业费,1100,物业费,1100,6月耗材1,明远公寓
2025-06-01 00:00:00,334空调清洗费,65,334空调清洗费,65,6月耗材1,明远公寓
2025-06-01 00:00:00,324房间主灯换灯芯,26,324房间主灯换灯芯,26,6月耗材1,明远公寓
2025-06-03 00:00:00,217换灯芯,26,217换灯芯,26,6月耗材1,明远公寓
2025-06-13 00:00:00,328房间水龙头+马桶盖,38,328房间水龙头+马桶盖,38,6月耗材1,明远公寓
2025-06-15 00:00:00,211卫生费,50,211卫生费,50,6月耗材1,明远公寓
2025-06-20 00:00:00,216 321卫生费,100,216 321卫生费,100,6月耗材1,明远公寓
2025-06-20 00:00:00,打扫楼道卫生费,500,打扫楼道卫生费,500,6月耗材1,明远公寓
2025-06-29 00:00:00,212卫生费,50,212卫生费,50,6月耗材1,明远公寓
2025-05-01 00:00:00,垃圾费,800,11月份垃圾费,800,5月耗材,明远公寓
2025-05-01 00:00:00,物业费,1100,物业费,1100,5月耗材,明远公寓
2025-05-22 00:00:00,318卫生费,50,318卫生费,50,5月耗材,明远公寓
2025-05-22 00:00:00,床头画,37.9,放置212室,37.9,5月耗材,明远公寓
2025-05-22 00:00:00,仿真花,37.6,打样,37.6,5月耗材,明远公寓
2025-05-22 00:00:00,仿真电脑,52.9,打样,52.9,5月耗材,明远公寓
2025-05-22 00:00:00,仿真面包,37.8,打样,37.8,5月耗材,明远公寓
2025-05-22 00:00:00,咖啡杯,30.8,打样,30.8,5月耗材,明远公寓
2025-05-22 00:00:00,枕头,48,打样,48,5月耗材,明远公寓
2025-05-25 00:00:00,328卫生费,50,328卫生费,50,5月耗材,明远公寓
2025-05-30 00:00:00,感应灯,30,走廊调换感应灯,30,5月耗材,明远公寓
2025-05-30 00:00:00,绝缘胶布,5,绝缘胶布,5,5月耗材,明远公寓
2025-05-30 00:00:00,水龙头,30,210损坏调换,30,5月耗材,明远公寓
2025-04-01 00:00:00,垃圾费,800,11月份垃圾费,800,4月耗材 ,明远公寓
2025-04-01 00:00:00,物业费,1100,物业费,1100,4月耗材 ,明远公寓
2025-04-03 00:00:00,水空头,25,207调换,25,4月耗材 ,明远公寓
2025-04-03 00:00:00,胶水,15,台灶打胶,15,4月耗材 ,明远公寓
2025-04-10 00:00:00,床头画,37.9,209退房装饰,37.9,4月耗材 ,明远公寓
2025-04-10 00:00:00,盆栽,20,2盆,20,4月耗材 ,明远公寓
2025-04-10 00:00:00,盆栽,33.6,3盆,33.6,4月耗材 ,明远公寓
2025-04-10 00:00:00,鲜花,9.9,鲜花,9.9,4月耗材 ,明远公寓
2025-04-14 00:00:00,补墙膏,38.3,补墙膏,38.8,4月耗材 ,明远公寓
2025-04-26 00:00:00,床垫,130,客户要求换床垫,130,4月耗材 ,明远公寓
2025-04-27 00:00:00,马桶按压器,8,320调换,8,4月耗材 ,明远公寓
2025-04-27 00:00:00,密封地漏,11,320调换,11,4月耗材 ,明远公寓
2025-03-01 00:00:00,垃圾费,800,11月份垃圾费,800,3月耗材,明远公寓
2025-03-01 00:00:00,物业费,1100,物业费,1100,3月耗材,明远公寓
2025-03-08 00:00:00,空调遥控器,13.2,214房间,13.2,3月耗材,明远公寓
2025-03-10 00:00:00,灯泡,29,318损坏调换,29,3月耗材,明远公寓
2025-03-22 00:00:00,盆栽,29.7,3盆,29.7,3月耗材,明远公寓
2025-03-22 00:00:00,涂料,120,1桶,120,3月耗材,明远公寓
2025-02-01 00:00:00,垃圾费,800,11月份垃圾费,800,2月耗材,明远公寓
2025-02-02 00:00:00,物业费,1100,物业费,1100,2月耗材,明远公寓
2025-02-05 00:00:00,手套,22.5,打扫卫生,22.5,2月耗材,明远公寓
2025-02-06 00:00:00,挂画,38*2,306 327装饰,76,2月耗材,明远公寓
2025-02-10 00:00:00,盆栽,50.4,3盆空房间摆放,50.4,2月耗材,明远公寓
2025-02-12 00:00:00,小沙发,211,放置327房间,211,2月耗材,明远公寓
2025-02-13 00:00:00,灯泡,22,314房间灯泡损坏调换,22,2月耗材,明远公寓
2025-02-27 00:00:00,玻璃纸+刮板,25,312贴卫生间玻璃门,25,2月耗材,明远公寓
2025-02-27 00:00:00,涂料,126,刷空房间,126,2月耗材,明远公寓
2025-02-27 00:00:00,刷子,10,刷墙,10,2月耗材,明远公寓
2025-02-28 00:00:00,床头画,27.8,312,27.8,2月耗材,明远公寓
2025-02-28 00:00:00,床头画,37.9,备用,37.9,2月耗材,明远公寓
2024-01-01 00:00:00,垃圾费,800,11月份垃圾费,800,1月耗材,明远公寓
2024-01-02 00:00:00,物业费,1100,物业费,1100,1月耗材,明远公寓
2024-01-02 00:00:00,水龙头 硅胶,40,损坏 调换305房间,40,1月耗材,明远公寓
2025-01-12 00:00:00,消防泵+运费,4080,维修损坏调换,4080,1月耗材,明远公寓
2025-01-12 00:00:00,保温棉,120,包水泵,120,1月耗材,明远公寓
2025-01-12 00:00:00,水龙头,25,调换205房间,25,1月耗材,明远公寓
2025-01-12 00:00:00,美工刀,10,美工刀,10,1月耗材,明远公寓
2025-01-12 00:00:00,胶水,15,胶水,15,1月耗材,明远公寓
2025-01-15 00:00:00,中华香烟,800,两条送外委办,800,1月耗材,明远公寓
2025-01-22 00:00:00,胶水+胶枪,30,214房间墙面缝隙打胶,30,1月耗材,明远公寓
2024-12-01 00:00:00,垃圾费,800,11月份垃圾费,800,12月耗材,明远公寓
2024-12-01 00:00:00,物业费,1100,物业费,1100,12月耗材,明远公寓
2024-12-02 00:00:00,盆栽,30,3盆放置空房间,30,12月耗材,明远公寓
2024-12-02 00:00:00,浴霸灯,10,调换201损坏,10,12月耗材,明远公寓
2024-12-02 00:00:00,消防烟杆、警示灯,400,损坏调换,400,12月耗材,明远公寓
2024-12-07 00:00:00,浴霸灯泡,36,6个调换334备用5个,36,12月耗材,明远公寓
2024-12-24 00:00:00,网费,3840,网费到期续3年网费2024.12.24开始,3840,12月耗材,明远公寓
2024-11-01 00:00:00,垃圾费,800,11月份垃圾费,800,11月耗材,明远公寓
2024-11-01 00:00:00,物业费,1100,物业费,1100,11月耗材,明远公寓
2024-11-02 00:00:00,花洒软管,20,损坏调换,20,11月耗材,明远公寓
2024-11-04 00:00:00,强刷,10,2把刷214房间,10,11月耗材,明远公寓
2024-11-04 00:00:00,颜料,8,对色刷墙214房间,8,11月耗材,明远公寓
2024-11-04 00:00:00,马桶按压器,10,调换214房间,10,11月耗材,明远公寓
2024-11-16 00:00:00,马桶尿碱溶解剂,15.2,刷马桶,15.2,11月耗材,明远公寓
2024-11-27 00:00:00,上门开锁,80,302门开锁,80,11月耗材,明远公寓
2024-11-27 00:00:00,马桶按压器,8,调换334损坏,8,11月耗材,明远公寓
2024-11-27 00:00:00,水龙头,39,调换334损坏,39,11月耗材,明远公寓
2024-11-27 00:00:00,感应灯,25,调换走廊损坏,25,11月耗材,明远公寓
2024-11-27 00:00:00,扳手+螺丝刀,20,工具,20,11月耗材,明远公寓
2024-11-28 00:00:00,地漏,20,208调换,20,11月耗材,明远公寓
2024-10-01 00:00:00,物业费,1100,物业费,1100,10月耗材,明远公寓
2024-10-01 00:00:00,垃圾费,800,垃圾费,800,10月耗材,明远公寓
2024-10-03 00:00:00,盆栽,13.6/2盆,331 310摆放,13.6,10月耗材,明远公寓
2024-10-03 00:00:00,鞋架,29.2/2套,331 310摆放,29.2,10月耗材,明远公寓
2024-10-03 00:00:00,挂画,19.9/1套,放置空房间,19.9,10月耗材,明远公寓
2024-10-03 00:00:00,挂画,28.7/1套,放置空房间,28.7,10月耗材,明远公寓
2024-10-04 00:00:00,盆栽,16.8/1盆,放置空房间,16.8,10月耗材,明远公寓
2024-10-05 00:00:00,租房合同,19/2本,签合同用,19,10月耗材,明远公寓
2024-10-18 00:00:00,床头画,15.39/1套,布置202房间,15.39,10月耗材,明远公寓
2024-10-18 00:00:00,鞋架,2套/34.85,布置202房间316房间,34.85,10月耗材,明远公寓
2024-10-18 00:00:00,盆栽,2盆,布置202房间316房间,19.8,10月耗材,明远公寓
2024-09-01 00:00:00,鞋架,17.6/2套,布置208房间（备用1套）,35.2,9月耗材,明远公寓
2024-09-01 00:00:00,干花束,19.9/1盆,布置房间备用,19.9,9月耗材,明远公寓
2024-09-01 00:00:00,马桶按压器,8/1个,调换313房间,8,9月耗材,明远公寓
2024-09-01 00:00:00,垃圾费,800,九月份垃圾费,800,9月耗材,明远公寓
2024-09-02 00:00:00,物业费,1100,物业费,1100,9月耗材,明远公寓
2024-09-04 00:00:00,防真花,9.9/2盆,备用,19.8,9月耗材,明远公寓
2024-09-06 00:00:00,浴霸,130/1套,215室电机损坏调换,130,9月耗材,明远公寓
2024-09-12 00:00:00,床头画,29.8/1副,布置330房间,29.8,9月耗材,明远公寓
2024-09-12 00:00:00,盆栽,7.8/3盆,布置330、204、303,23.4,9月耗材,明远公寓
2024-09-12 00:00:00,鞋架,17.6/2套,布置303房间备用1套,17.6,9月耗材,明远公寓
2024-09-13 00:00:00,空调遥控器,13.7/1只,放置330房间（客户弄丢了）,13.7,9月耗材,明远公寓
2024-09-13 00:00:00,小冰箱,268.71/1台,324客户需求（以前没有冰箱）,268.71,9月耗材,明远公寓
2024-09-14 00:00:00,盆栽,19.9/1盆,布置204房间,19.9,9月耗材,明远公寓
2024-09-14 00:00:00,杀虫剂,24.5/1瓶,303房间有飞虫,24.5,9月耗材,明远公寓
2024-09-15 00:00:00,小摆件,9.9/套,布置330柜台上,9.9,9月耗材,明远公寓
2024-09-19 00:00:00,涂料,160/1桶,刷204房间,160,9月耗材,明远公寓
2024-09-19 00:00:00,粉刷,8/1把,刷204房间,8,9月耗材,明远公寓
2024-09-24 00:00:00,热水器管子,25/1根,调换212花洒管子,25,9月耗材,明远公寓
2024-08-01 00:00:00,垃圾费,800/1月,8月垃圾费,800,8月耗材,明远公寓
2024-08-02 00:00:00,床头画,25/1对,布置空房间,25,8月耗材,明远公寓
2024-08-02 00:00:00,鞋架,18.51/1套,布置空房间,18.51,8月耗材,明远公寓
2024-08-02 00:00:00,盆栽,12.8/1盆,布置空房间,12.8,8月耗材,明远公寓
2024-08-03 00:00:00,冰箱,298/1台,布置空房间（203房间）,298,8月耗材,明远公寓
2024-08-04 00:00:00,鞋架,16.6/1套,布置空房间,16.6,8月耗材,明远公寓
2024-08-05 00:00:00,水植,13.8/1瓶,布置空房间,13.8,8月耗材,明远公寓
2024-08-05 00:00:00,沙发,186/套,布置空房间（213房间）,186,8月耗材,明远公寓
2024-08-06 00:00:00,盆栽,9.9/1盆,布置空房间,9.9,8月耗材,明远公寓
2024-08-07 00:00:00,物业费,1100,物业费,1100,8月耗材,明远公寓
2024-08-08 00:00:00,床头画,20.7/1副,布置空房间,20.7,8月耗材,明远公寓
2024-08-08 00:00:00,床头画,26.8/1副,布置空房间,26.8,8月耗材,明远公寓
2024-08-14 00:00:00,插板,12/1个,调换热水器插板（332房间）,12,8月耗材,明远公寓
2024-08-17 00:00:00,沙发,146/套,布置308房间,146,8月耗材,明远公寓
2024-08-20 00:00:00,冰箱,348/1台,放置空房间（325房间）,348,8月耗材,明远公寓
2024-08-21 00:00:00,梳妆台,266/1套,布置空房间（321房间）,266,8月耗材,明远公寓
2024-08-22 00:00:00,鞋架,17.6/3套,布置空房间,52.8,8月耗材,明远公寓
2024-08-23 00:00:00,马桶按压器,6/1个,调换马桶按压器,6,8月耗材,明远公寓
2024-08-25 00:00:00,浴霸灯,7/1个,调换损坏（207房间）,7,8月耗材,明远公寓
2024-08-25 00:00:00,盆栽,6.9/1盆,布置空房间,6.9,8月耗材,明远公寓
2024-08-25 00:00:00,床头画,10.35/1对,布置空房间,10.35,8月耗材,明远公寓
2024-07-01 00:00:00,挂画,24/1对,放置空房间,24,7月耗材,明远公寓
2024-07-01 00:00:00,防尘鞋架,27.9/2个,放置空房间,55.8,7月耗材,明远公寓
2024-07-01 00:00:00,五号电池,21.4/40粒,密码门换电池,21.4,7月耗材,明远公寓
2024-07-02 00:00:00,垃圾费,800,七月份垃圾费,800,7月耗材,明远公寓
2024-07-02 00:00:00,挂画,27.9/1对,放置空房间,27.9,7月耗材,明远公寓
2024-07-03 00:00:00,物业费,1100,6月份物业费,1100,7月耗材,明远公寓
2024-07-05 00:00:00,水卫士除油,29.9/5瓶,打扫卫生,29.9,7月耗材,明远公寓
2024-07-05 00:00:00,水卫士地砖,29.9/3瓶,打扫卫生,29.9,7月耗材,明远公寓
2024-07-12 00:00:00,地毯,43.4,调换二楼走道口,43.4,7月耗材,明远公寓
2024-07-26 00:00:00,小冰箱,100,客户走了买下来的,100,7月耗材,明远公寓
2024-07-27 00:00:00,盆栽,12.8,放置空房间,12.8,7月耗材,明远公寓
2024-07-29 00:00:00,鞋架,26.8/2套,放置空房间,26.8,7月耗材,明远公寓
2024-06-01 00:00:00,垃圾费,800,垃圾费,800,6月耗材,明远公寓
2024-06-03 00:00:00,盆栽,25.2/4盆,放置空房间,25.2,6月耗材,明远公寓
2024-06-03 00:00:00,鞋架,25.93/2个,放置空房间,25.93,6月耗材,明远公寓
2024-06-03 00:00:00,香氛,29.8/4瓶,放置空房间,29.8,6月耗材,明远公寓
2024-06-04 00:00:00,物业费,1100,物业费,1100,6月耗材,明远公寓
2024-06-05 00:00:00,充电桩,297/1台,方便客户充电（前损坏）,297,6月耗材,明远公寓
2024-06-05 00:00:00,电表,28/1个,安装充电桩用,28,6月耗材,明远公寓
2024-06-05 00:00:00,漏电保护器,35/1个,接在电表上,35,6月耗材,明远公寓
2024-06-05 00:00:00,电线,290/50米,安装充电桩用,290,6月耗材,明远公寓
2024-06-12 00:00:00,挂画,39.9/1对,放置空房间,39.9,6月耗材,明远公寓
2024-06-28 00:00:00,马桶按压器,16/2只,损坏调换,16,6月耗材,明远公寓
2024-06-29 00:00:00,梳妆台,225/1套,放置空房间,225,6月耗材,明远公寓
2024-06-29 00:00:00,盆栽,9.6/2瓶,放置空房间,9.6,6月耗材,明远公寓
