seq,room,deposit,rent,new_deposit,deposit_refund,plate,parking_fee,commission,period_start,period_end,remark,sheet,property,building
39.0,R211,,,,,,,,,,退房,4月租金1,嘉定公寓,
10.0,Q206,,,,,,,,,,退房,2月租金1,嘉定公寓,
34.0,R206,1880,,,1880.0,,,,,,退房,2月租金1,嘉定公寓,
42.0,R214,1650,,,1650.0,,,,,,退房,2月租金1,嘉定公寓,
93.0,S209,,,,,,,,,,鸿翼员工2024年11月18日开始入住,12月租金1,嘉定公寓,
62.0,R315,,,,,,,,,,退房,11月租金1,嘉定公寓,
64.0,R317,,,,,,,,,,退房,11月租金1,嘉定公寓,
93.0,S209,,,,,,,,,,鸿翼员工2024年11月18日开始入住,11月租金1,嘉定公寓,
93.0,S209,,,,,,,,,,鸿翼员工2024年11月18日开始入住,10月租金,嘉定公寓,
6.0,Q108,2300,1300.0,,,,,,,,退房,9月租金,嘉定公寓,
93.0,S209,,,,,,,,,,鸿翼员工2024年11月18日开始入住,9月租金,嘉定公寓,
105.0,S306,1880,,,1880.0,,,,,,退房,9月租金,嘉定公寓,
37.0,R209,2200,2200.0,,,,,,,,退房,8月租金,嘉定公寓,
93.0,S209,,,,,,,,,,鸿翼员工2024年11月18日开始入住,8月租金,嘉定公寓,
93.0,S209,,,,,,,,,,鸿翼员工2024年11月18日开始入住,7月租金,嘉定公寓,
,Q101,,,,,,,,,,,6月租金,嘉定公寓,
,Q102,,,,,,,,,,,6月租金,嘉定公寓,
,Q103,,,,,,,,,,,6月租金,嘉定公寓,
,Q106,,,,,,,,,,,6月租金,嘉定公寓,
,Q108,,,,,,,,,,,6月租金,嘉定公寓,
,Q201,,,,,,,,,,,6月租金,嘉定公寓,
,Q202,,,,,,,,,,,6月租金,嘉定公寓,
,Q205,,,,,,,,,,,6月租金,嘉定公寓,
,Q206,,,,,,,,,,,6月租金,嘉定公寓,
,S103,,,,2090.0,,,,,,退房,6月租金,嘉定公寓,
,S209,,,,,,,,,,鸿翼员工2024年11月18日开始入住,6月租金,嘉定公寓,
,S211,,,,,,,,,,鸿翼员工2025年2月20日开始入住,6月租金,嘉定公寓,
,R109,1600,,,,,,,,,鸿翼2025年5月1日开始入住,5月租金,嘉定公寓,
,R111,,,,,,,,,,,5月租金,嘉定公寓,
,R115,,,,,,,,,,,5月租金,嘉定公寓,
,R117,,,,,,,,,,,5月租金,嘉定公寓,
,R118,,,,,,,,,,,5月租金,嘉定公寓,
,S209,,,,,,,,,,鸿翼员工2024年11月18日开始入住,5月租金,嘉定公寓,
,S211,,,,,,,,,,鸿翼员工2025年2月20日开始入住,5月租金,嘉定公寓,
,S305,,,,,,,,,,退房,5月租金,嘉定公寓,
,S405,,,,,,,,,,退房,5月租金,嘉定公寓,
,R109,,,,,,,,,,退房,4月租金,嘉定公寓,
,R204,,,,,,,,,,退房,4月租金,嘉定公寓,
,S110,2000,,,800.0,,,,,,退房,4月租金,嘉定公寓,
,S209,,,,,,,,,,鸿翼员工2024年11月18日开始入住,4月租金,嘉定公寓,
,S211,,,,,,,,,,鸿翼员工2025年2月20日开始入住,4月租金,嘉定公寓,
,S411,,,,,,,,,,,4月租金,嘉定公寓,
,R205,,,,,,,,,,,3月租金,嘉定公寓,
,R301,,,,,,,,,,退房太吵装修,3月租金,嘉定公寓,
,R304,,,,,,,,,,,3月租金,嘉定公寓,
,S001,,,,,,,,,,门卫室,3月租金,嘉定公寓,S楼
,S002,,,,,,,,,,,3月租金,嘉定公寓,
,S106,,,,,,,,,,,3月租金,嘉定公寓,
,S209,,,,,,,,,,鸿翼员工2024年11月18日开始入住,3月租金,嘉定公寓,
,S211,,,,,,,,,,鸿翼员工2025年2月20日开始入住,3月租金,嘉定公寓,
,S310,,,,,,,,,,,3月租金,嘉定公寓,
,S312,,,,,,,,,,,3月租金,嘉定公寓,
,S314,,,,,,,,,,,3月租金,嘉定公寓,
,S411,,,,,,,,,,,3月租金,嘉定公寓,
,S412,,,,,,,,,,,3月租金,嘉定公寓,
,R109,,,,,,,,,,,2月租金,嘉定公寓,
,R203,,,,,,,,,,,2月租金,嘉定公寓,
,R205,,,,,,,,,,,2月租金,嘉定公寓,
,R303,,,,,,,,,,,2月租金,嘉定公寓,
,R304,,,,,,,,,,,2月租金,嘉定公寓,
,R306,,,,,,,,,,,2月租金,嘉定公寓,
,R308,,2400.0,,,,,780.0,,,退房,2月租金,嘉定公寓,
,R309,,,,,,,,,,,2月租金,嘉定公寓,
,R317,,,,,,,,,,,2月租金,嘉定公寓,
,S001,,,,,,,,,,,2月租金,嘉定公寓,S楼
,S002,,,,,,,,,,,2月租金,嘉定公寓,
,S101,,,,,,,,,,,2月租金,嘉定公寓,
,S106,,,,,,,,,,,2月租金,嘉定公寓,
,S108,,,,,,,,,,,2月租金,嘉定公寓,
,S109,,,,,,,,,,,2月租金,嘉定公寓,
,S110,,,,,,,,,,,2月租金,嘉定公寓,
,S201,1580,,,1580.0,,,,,,退房,2月租金,嘉定公寓,
,S209,,,,,,,,,,鸿翼员工2025年11月18日开始入住,2月租金,嘉定公寓,
,S211,,,,,,,,,,鸿翼员工2025年2月20日开始入住,2月租金,嘉定公寓,
,S213,,,,,,,,,,,2月租金,嘉定公寓,
,S214,,,,,,,,,,,2月租金,嘉定公寓,
,S215,,,,,,,,,,退房,2月租金,嘉定公寓,
,S310,,,,,,,,,,,2月租金,嘉定公寓,
,S311,,,,,,,,,,,2月租金,嘉定公寓,
,S312,,,,,,,,,,,2月租金,嘉定公寓,
,S313,,,,,,,,,,,2月租金,嘉定公寓,
,S314,,,,,,,,,,,2月租金,嘉定公寓,
,S410,,,,,,,,,,,2月租金,嘉定公寓,
,S411,,,,,,,,,,,2月租金,嘉定公寓,
,S412,,,,,,,,,,,2月租金,嘉定公寓,
,S413,,,,,,,,,,,2月租金,嘉定公寓,
,S414,,,,,,,,,,,2月租金,嘉定公寓,
,S415,,,,,,,,,,,2月租金,嘉定公寓,
,R102,,,,,,,,,,,1月租金 ,嘉定公寓,
,R107,1700,,,1700.0,,,,,,退房,1月租金 ,嘉定公寓,
,R109,,,,,,,,,,,1月租金 ,嘉定公寓,
,R202,,,,,,,,,,,1月租金 ,嘉定公寓,
,R203,,,,,,,,,,,1月租金 ,嘉定公寓,
,R204,,,,,,,,,,,1月租金 ,嘉定公寓,
,R205,,,,,,,,,,,1月租金 ,嘉定公寓,
,R206,,,,,,,,,,,1月租金 ,嘉定公寓,
,R207,,,,,,,,,,,1月租金 ,嘉定公寓,
,R208,,,,,,,,,,,1月租金 ,嘉定公寓,
,R210,,,,,,,,,,,1月租金 ,嘉定公寓,
,R212,,,,,,,,,,,1月租金 ,嘉定公寓,
,R214,,,,,,,,,,,1月租金 ,嘉定公寓,
,R216,,,,,,,,,,,1月租金 ,嘉定公寓,
,R301,,,,,,,,,,,1月租金 ,嘉定公寓,
,R303,,,,,,,,,,,1月租金 ,嘉定公寓,
,R304,,,,,,,,,,,1月租金 ,嘉定公寓,
,R305,,,,,,,,,,,1月租金 ,嘉定公寓,
,R306,,,,,,,,,,,1月租金 ,嘉定公寓,
,R307,,,,,,,,,,,1月租金 ,嘉定公寓,
,R308,,,,,,,,,,,1月租金 ,嘉定公寓,
,R309,,,,,,,,,,,1月租金 ,嘉定公寓,
,R310,,,,,,,,,,,1月租金 ,嘉定公寓,
,R311,,,,,,,,,,,1月租金 ,嘉定公寓,
,R313,,,,,,,,,,,1月租金 ,嘉定公寓,
,R317,,,,,,,,,,,1月租金 ,嘉定公寓,
,R401,,,,,,,,,,,1月租金 ,嘉定公寓,
,R403,,,,,,,,,,,1月租金 ,嘉定公寓,
,S001,,,,,,,,,,,1月租金 ,嘉定公寓,S楼
,S002,,,,,,,,,,,1月租金 ,嘉定公寓,
,S101,,,,,,,,,,,1月租金 ,嘉定公寓,
,S102,,,,,,,,,,,1月租金 ,嘉定公寓,
,S103,,,,,,,,,,,1月租金 ,嘉定公寓,
,S105,,,,,,,,,,退房,1月租金 ,嘉定公寓,
,S106,,,,,,,,,,,1月租金 ,嘉定公寓,
,S107,,,,,,,,,,,1月租金 ,嘉定公寓,
,S108,,,,,,,,,,,1月租金 ,嘉定公寓,
,S109,,,,,,,,,,,1月租金 ,嘉定公寓,
,S110,,,,,,,,,,,1月租金 ,嘉定公寓,
,S205,,,,,,,,,,,1月租金 ,嘉定公寓,
,S207,,,,,,,,,,,1月租金 ,嘉定公寓,
,S208,,,,,,,,,,,1月租金 ,嘉定公寓,
,S209,,,,,,,,,,鸿翼员工11月18日开始入住,1月租金 ,嘉定公寓,
,S210,,,,,,,,,,,1月租金 ,嘉定公寓,
,S211,,,,,,,,,,,1月租金 ,嘉定公寓,
,S212,,,,,,,,,,,1月租金 ,嘉定公寓,
,S213,,,,,,,,,,,1月租金 ,嘉定公寓,
,S214,,,,,,,,,,,1月租金 ,嘉定公寓,
,S305,1500,,,1300.0,,,,,,退房养了8只猫赶走（中介费退1500）,1月租金 ,嘉定公寓,
,S310,,,,,,,,,,,1月租金 ,嘉定公寓,
,S311,,,,,,,,,,,1月租金 ,嘉定公寓,
,S312,,,,,,,,,,,1月租金 ,嘉定公寓,
,S313,,,,,,,,,,,1月租金 ,嘉定公寓,
,S314,,,,,,,,,,,1月租金 ,嘉定公寓,
,S407,,,,,,,,,,,1月租金 ,嘉定公寓,
,S409,,,,,,,,,,,1月租金 ,嘉定公寓,
,S410,,,,,,,,,,,1月租金 ,嘉定公寓,
,S411,,,,,,,,,,,1月租金 ,嘉定公寓,
,S412,,,,,,,,,,,1月租金 ,嘉定公寓,
,S413,,,,,,,,,,,1月租金 ,嘉定公寓,
,S414,,,,,,,,,,,1月租金 ,嘉定公寓,
,R103,,,,,,,,,,,12月租金,嘉定公寓,
,R109,,,,,,,,,,,12月租金,嘉定公寓,
,R202,,,,,,,,,,,12月租金,嘉定公寓,
,R203,,,,,,,,,,,12月租金,嘉定公寓,
,R204,,,,,,,,,,,12月租金,嘉定公寓,
,R205,,,,,,,,,,,12月租金,嘉定公寓,
,R206,,,,,,,,,,,12月租金,嘉定公寓,
,R207,,,,,,,,,,,12月租金,嘉定公寓,
,R208,,,,,,,,,,,12月租金,嘉定公寓,
,R210,,,,,,,,,,,12月租金,嘉定公寓,
,R212,,,,,,,,,,,12月租金,嘉定公寓,
,R214,,,,,,,,,,,12月租金,嘉定公寓,
,R216,,,,,,,,,,,12月租金,嘉定公寓,
,R301,,,,,,,,,,,12月租金,嘉定公寓,
,R303,,,,,,,,,,,12月租金,嘉定公寓,
,R304,,,,,,,,,,,12月租金,嘉定公寓,
,R305,,,,,,,,,,,12月租金,嘉定公寓,
,R306,,,,,,,,,,,12月租金,嘉定公寓,
,R307,,,,,,,,,,,12月租金,嘉定公寓,
,R308,,,,,,,,,,,12月租金,嘉定公寓,
,R309,,,,,,,,,,,12月租金,嘉定公寓,
,R310,,,,,,,,,,,12月租金,嘉定公寓,
,R311,,,,,,,,,,,12月租金,嘉定公寓,
,R313,,,,,,,,,,,12月租金,嘉定公寓,
,R314,,,,,,,,,,,12月租金,嘉定公寓,
,R316,,,,,,,,,,,12月租金,嘉定公寓,
,R317,,,,,,,,,,,12月租金,嘉定公寓,
,R401,,,,,,,,,,,12月租金,嘉定公寓,
,R403,,,,,,,,,,,12月租金,嘉定公寓,
,S001,,,,,,,,,,,12月租金,嘉定公寓,S楼
,S002,,,,,,,,,,,12月租金,嘉定公寓,
,S101,,,,,,,,,,,12月租金,嘉定公寓,
,S102,,,,,,,,,,,12月租金,嘉定公寓,
,S103,,,,,,,,,,,12月租金,嘉定公寓,
,S106,,,,,,,,,,,12月租金,嘉定公寓,
,S107,,,,,,,,,,,12月租金,嘉定公寓,
,S108,,,,,,,,,,,12月租金,嘉定公寓,
,S109,,,,,,,,,,,12月租金,嘉定公寓,
,S110,,,,,,,,,,,12月租金,嘉定公寓,
,S202,,,,,,,,,,,12月租金,嘉定公寓,
,S206,,,,,,,,,,,12月租金,嘉定公寓,
,S207,,,,,,,,,,,12月租金,嘉定公寓,
,S208,,,,,,,,,,,12月租金,嘉定公寓,
,S209,,,,,,,,,,鸿翼员工11月18日开始入住,12月租金,嘉定公寓,
,S210,,,,,,,,,,,12月租金,嘉定公寓,
,S211,,,,,,,,,,,12月租金,嘉定公寓,
,S212,,,,,,,,,,,12月租金,嘉定公寓,
,S213,,,,,,,,,,,12月租金,嘉定公寓,
,S214,,,,,,,,,,,12月租金,嘉定公寓,
,S306,,,,,,,,,,,12月租金,嘉定公寓,
,S310,,,,,,,,,,,12月租金,嘉定公寓,
,S311,,,,,,,,,,,12月租金,嘉定公寓,
,S312,,,,,,,,,,,12月租金,嘉定公寓,
,S313,,,,,,,,,,,12月租金,嘉定公寓,
,S314,,,,,,,,,,,12月租金,嘉定公寓,
,S407,,,,,,,,,,,12月租金,嘉定公寓,
,S409,,,,,,,,,,,12月租金,嘉定公寓,
,S410,,,,,,,,,,,12月租金,嘉定公寓,
,S411,,,,,,,,,,,12月租金,嘉定公寓,
,S412,,,,,,,,,,,12月租金,嘉定公寓,
,S413,,,,,,,,,,,12月租金,嘉定公寓,
,S414,,,,,,,,,,,12月租金,嘉定公寓,
,R102,,,,,,,,,,,11月租金,嘉定公寓,
,R103,,,,,,,,,,,11月租金,嘉定公寓,
,R105,,,,,,,,,,,11月租金,嘉定公寓,
,R106,,,,,,,,,,,11月租金,嘉定公寓,
,R108,,,,,,,,,,,11月租金,嘉定公寓,
,R109,,,,,,,,,,,11月租金,嘉定公寓,
,R201,,,,,,,,,,,11月租金,嘉定公寓,
,R202,,,,,,,,,,,11月租金,嘉定公寓,
,R203,,,,,,,,,,,11月租金,嘉定公寓,
,R204,,,,,,,,,,,11月租金,嘉定公寓,
,R205,,,,,,,,,,,11月租金,嘉定公寓,
,R206,,,,,,,,,,,11月租金,嘉定公寓,
,R207,,,,,,,,,,,11月租金,嘉定公寓,
,R208,,,,,,,,,,,11月租金,嘉定公寓,
,R209,,,,,,,,,,,11月租金,嘉定公寓,
,R210,,,,,,,,,,,11月租金,嘉定公寓,
,R212,,,,,,,,,,,11月租金,嘉定公寓,
,R214,,,,,,,,,,,11月租金,嘉定公寓,
,R216,,,,,,,,,,,11月租金,嘉定公寓,
,R218,,,,,,,,,,,11月租金,嘉定公寓,
,R301,,,,,,,,,,,11月租金,嘉定公寓,
,R303,,,,,,,,,,,11月租金,嘉定公寓,
,R304,,,,,,,,,,,11月租金,嘉定公寓,
,R305,,,,,,,,,,,11月租金,嘉定公寓,
,R306,,,,,,,,,,,11月租金,嘉定公寓,
,R307,,,,,,,,,,,11月租金,嘉定公寓,
,R308,,,,,,,,,,,11月租金,嘉定公寓,
,R309,,,,,,,,,,,11月租金,嘉定公寓,
,R310,,,,,,,,,,,11月租金,嘉定公寓,
,R311,,,,,,,,,,,11月租金,嘉定公寓,
,R312,,,,,,,,,,,11月租金,嘉定公寓,
,R313,,,,,,,,,,,11月租金,嘉定公寓,
,R314,,,,,,,,,,,11月租金,嘉定公寓,
,R315,,,,,,,,,,,11月租金,嘉定公寓,
,R316,,,,,,,,,,,11月租金,嘉定公寓,
,R317,,,,,,,,,,,11月租金,嘉定公寓,
,R401,,,,,,,,,,,11月租金,嘉定公寓,
,R403,,,,,,,,,,,11月租金,嘉定公寓,
,S001,,,,,,,,,,,11月租金,嘉定公寓,S楼
,S002,,,,,,,,,,,11月租金,嘉定公寓,
,S004,,,,,,,,,,,11月租金,嘉定公寓,
,S005,,,,,,,,,,,11月租金,嘉定公寓,
,S101,,,,,,,,,,,11月租金,嘉定公寓,
,S102,,,,,,,4000.0,,,退房减掉4000,11月租金,嘉定公寓,
,S103,,,,,,,,,,,11月租金,嘉定公寓,
,S104,2400,,,,,,1200.0,,,退房调换R404房间退一半押金,11月租金,嘉定公寓,
,S106,,,,,,,,,,,11月租金,嘉定公寓,
,S107,,,,,,,,,,,11月租金,嘉定公寓,
,S108,,,,,,,,,,,11月租金,嘉定公寓,
,S109,,,,,,,,,,,11月租金,嘉定公寓,
,S110,,,,,,,,,,,11月租金,嘉定公寓,
,S202,,,,,,,,,,,11月租金,嘉定公寓,
,S204,,,,,,,,,,,11月租金,嘉定公寓,
,S206,,,,,,,,,,,11月租金,嘉定公寓,
,S207,,,,,,,,,,,11月租金,嘉定公寓,
,S208,,,,,,,,,,,11月租金,嘉定公寓,
,S209,,,,,,,,,,鸿翼员工11月18日开始入住,11月租金,嘉定公寓,
,S210,,,,,,,,,,,11月租金,嘉定公寓,
,S211,,,,,,,,,,,11月租金,嘉定公寓,
,S212,,,,,,,,,,,11月租金,嘉定公寓,
,S213,,,,,,,,,,,11月租金,嘉定公寓,
,S214,,,,,,,,,,,11月租金,嘉定公寓,
,S301,,,,,,,,,,,11月租金,嘉定公寓,
,S302,,,,,,,,,,,11月租金,嘉定公寓,
,S304,,,,,,,,,,,11月租金,嘉定公寓,
,S305,,,,,,,,,,,11月租金,嘉定公寓,
,S306,,,,,,,,,,,11月租金,嘉定公寓,
,S307,,,,,,,,,,,11月租金,嘉定公寓,
,S308,,,,,,,,,,,11月租金,嘉定公寓,
,S310,,,,,,,,,,,11月租金,嘉定公寓,
,S311,,,,,,,,,,,11月租金,嘉定公寓,
,S312,,,,,,,,,,,11月租金,嘉定公寓,
,S313,,,,,,,,,,,11月租金,嘉定公寓,
,S314,,,,,,,,,,,11月租金,嘉定公寓,
,S401,,,,,,,,,,,11月租金,嘉定公寓,
,S402,,,,,,,,,,,11月租金,嘉定公寓,
,S403,,,,,,,,,,,11月租金,嘉定公寓,
,S404,,,,,,,,,,,11月租金,嘉定公寓,
,S405,,,,,,,,,,,11月租金,嘉定公寓,
,S406,,,,,,,,,,,11月租金,嘉定公寓,
,S407,,,,,,,,,,,11月租金,嘉定公寓,
,S408,,,,,,,,,,,11月租金,嘉定公寓,
,S409,,,,,,,,,,,11月租金,嘉定公寓,
,S410,,,,,,,,,,,11月租金,嘉定公寓,
,S411,,,,,,,,,,,11月租金,嘉定公寓,
,S412,,,,,,,,,,,11月租金,嘉定公寓,
,S413,,,,,,,,,,,11月租金,嘉定公寓,
,S414,,,,,,,,,,,11月租金,嘉定公寓,
,S415,,,,,,,,,,,11月租金,嘉定公寓,
,334,,,,,,,,,,租金付齐,7月租金2 ,明远公寓,
,334,,,,,,,,,,公司还没打款进度可能1号,6月租金2,明远公寓,
10.0,210,2180,,,1380.0,,,,,,退房（客户多住11天）,5月租金1,明远公寓,
13.0,213,2200,,,,,,,,,退房,5月租金1,明远公寓,
34.0,316,2000,,,,,,,,,退房,5月租金1,明远公寓,
24.0,306,,,,,,,,,,退房,4月租金1,明远公寓,
38.0,320,,,,2080.0,,,,,,,4月租金1,明远公寓,
,201,,,,,,,,,,退房,3月租金1,明远公寓,2楼
,210,,,,,,,,,,退房,3月租金1,明远公寓,
,321,,,,,,,,,,退房,3月租金1,明远公寓,
,325,,,,,,,,,,退房,3月租金1,明远公寓,
,327,2100,,,,,,,,,退房,3月租金1,明远公寓,
,330,,,,,,,,,,退房,3月租金1,明远公寓,
,334,2000,,,2000.0,,,,,,退房,3月租金1,明远公寓,
,201,,,,,,,,,,退房,2月租金1,明远公寓,2楼
,203,,,,,,,,,,退房,2月租金1,明远公寓,
,204,,,,,,,,,,退房,2月租金1,明远公寓,
,212,,,,,,,,,,退房,2月租金1,明远公寓,
,306,,,,,,,,,,退房,2月租金1,明远公寓,
,331,,,,,,,,,,退房,2月租金1,明远公寓,
,210,,,,,,,,,,押金住完退房,2月租金1,明远公寓,
,201,,,,,,,,,,退房,1月租金1,明远公寓,2楼
,203,,,,,,,,,,退房,1月租金1,明远公寓,
,204,,,,,,,,,,退房,1月租金1,明远公寓,
,212,,,,,,,,,,退房,1月租金1,明远公寓,
,306,,,,,,,,,,退房,1月租金1,明远公寓,
,328,,,,,,,,,,退房,1月租金1,明远公寓,
,331,,,,,,,,,,退房,1月租金1,明远公寓,
,333,,,,,,,,,,退房,1月租金1,明远公寓,
,201,,,,,,,,,,退房,12月租金1,明远公寓,2楼
,211,,,,,,,,,,退房,12月租金1,明远公寓,
,212,,,,,,,,,,退房,12月租金1,明远公寓,
,331,1600,,,,,,,,,退房,12月租金1,明远公寓,
,333,,,,,,,,,,退房,12月租金1,明远公寓,
,201,,,,,,,,,,退房,11月租金1,明远公寓,2楼
,201,,,,,,,,,,,10月租金1,明远公寓,2楼
,304,,,,,,,,,,退房,10月租金1,明远公寓,
,304,,,,,,,,,,退房,9月租金1,明远公寓,
,201,1880,1880.0,,1880.0,,,,,,退房,8月租金1,明远公寓,2楼
,304,1800,,,1800.0,,,,,,退房,8月租金1,明远公寓,
,308,1600,,,1600.0,,,,,,,8月租金1,明远公寓,
,315,1900,,,1900.0,,,,,,退房,8月租金1,明远公寓,
,324,,,,,,,,,,,8月租金1,明远公寓,
,330,,,,,,,,,,退房,7月租金1,明远公寓,
,212,2280,,,2280.0,,,,,,退房,6月租金1,明远公寓,
,209,,,,1700.0,,,,,,退房,4月租金,明远公寓,
,306,1900,,,,,,,,,,4月租金,明远公寓,
,333,2080,,,2080.0,,,,,,退房,4月租金,明远公寓,
,201,1800,,,1800.0,,,,,,到期退房,3月租金,明远公寓,2楼
,316,,,,,,,,,,,3月租金,明远公寓,
,319,,,,,,,,,,退房,3月租金,明远公寓,
,214,,,,,,,,,,退房,2月租金,明远公寓,
,306,,,,,,,,,,退房,2月租金,明远公寓,
,308,,,,,,,,,,退房,2月租金,明远公寓,
,327,,,,,,,,,,退房,2月租金,明远公寓,
,328,,,,,,,,,,退房,2月租金,明远公寓,
,330,,,,,,,,,,退房,2月租金,明远公寓,
,218,,,,,,,,,,退房,1月租金,明远公寓,
,322,,,,,,,,,,退房,1月租金,明远公寓,
,330,,,,,,,,,,退房,1月租金,明远公寓,
,334,,,,,,,,,,退房,1月租金,明远公寓,
,322,,,,,,,,,,退房,12月租金,明远公寓,
,330,,,,,,,,,,退房,12月租金,明远公寓,
,334,,,,,,,,,,退房,12月租金,明远公寓,
,322,2150,,,2150.0,,,,,,退房,11月租金,明远公寓,
,330,,,,,,,,,,退房,11月租金,明远公寓,
,204,,,,700.0,,,,,,退房,9月租金 ,明远公寓,
,303,,,,,,,,,,退房,9月租金 ,明远公寓,
,330,,,,,,,,,,退房,9月租金 ,明远公寓,
,331,1600,,,1600.0,,,,,,退房,9月租金 ,明远公寓,
,321,,,,1900.0,,,,,,到期退房,8月租金,明远公寓,
,325,,,,,,,,,,退房,8月租金,明远公寓,
,203,空,,,,,,,,,,7月租金,明远公寓,
,203,空,,,1700.0,,,,,,到期退房,6月租金,明远公寓,
,306,健身房,,,,,,,,,,6月租金,明远公寓,
,333,健身房,,,,,,,,,316调房到333,6月租金,明远公寓,
